,VIN (1-10),County,City,State,Postal Code,Model Year,Make,Model,Type,Clean Alternative Fuel Vehicle (CAFV) Eligibility,Electric Range,Base MSRP,Legislative District,DOL Vehicle ID,Vehicle Location,Electric Utility,2020 Census Tract
98928,WA1LAAGE9K,Island,Freeland,WA,98249.0,2019,AUDI,E-TRON,Battery Electric Vehicle (BEV),Clean Alternative Fuel Vehicle Eligible,204,0,10.0,477825176,POINT (-122.54474499999998 48.03024000000005),PUGET SOUND ENERGY INC,53029971302.0
35827,1N4AZ0CP5F,Kitsap,Poulsbo,WA,98370.0,2015,NISSAN,LEAF,Battery Electric Vehicle (BEV),Clean Alternative Fuel Vehicle Eligible,84,0,23.0,149195679,POINT (-122.64176999999995 47.73752500000006),PUGET SOUND ENERGY INC,53035090400.0
140947,5YJXCAE23L,King,Seattle,WA,98199.0,2020,TESLA,MODEL X,Battery Electric Vehicle (BEV),Clean Alternative Fuel Vehicle Eligible,293,0,36.0,125795575,POINT (-122.394185 47.63919500000003),CITY OF SEATTLE - (WA)|CITY OF TACOMA - (WA),53033005700.0
119667,5YJSA1H21E,King,Redmond,WA,98053.0,2014,TESLA,MODEL S,Battery Electric Vehicle (BEV),Clean Alternative Fuel Vehicle Eligible,208,69900,45.0,153816372,POINT (-122.02219999999994 47.69557000000003),PUGET SOUND ENERGY INC||CITY OF TACOMA - (WA),53033032328.0
48142,7SAYGDEE0N,King,Lake Forest Park,WA,98155.0,2022,TESLA,MODEL Y,Battery Electric Vehicle (BEV),Eligibility unknown as battery range has not been researched,0,0,46.0,195304574,POINT (-122.31749999999994 47.757814600000074),PUGET SOUND ENERGY INC||CITY OF TACOMA - (WA),53033021500.0
79941,WP0AA2Y10M,Snohomish,Marysville,WA,98271.0,2021,PORSCHE,TAYCAN,Battery Electric Vehicle (BEV),Eligibility unknown as battery range has not been researched,0,0,38.0,193791776,POINT (-122.1713847 48.10433),PUGET SOUND ENERGY INC,53061940002.0
45218,5YJ3E1EB5K,King,Auburn,WA,98092.0,2019,TESLA,MODEL 3,Battery Electric Vehicle (BEV),Clean Alternative Fuel Vehicle Eligible,220,0,47.0,478128108,POINT (-122.1820969 47.3198995),PUGET SOUND ENERGY INC||CITY OF TACOMA - (WA),53033031208.0
18211,5YJYGDEE3M,Thurston,Olympia,WA,98501.0,2021,TESLA,MODEL Y,Battery Electric Vehicle (BEV),Eligibility unknown as battery range has not been researched,0,0,35.0,144352666,POINT (-122.89692 47.043535),PUGET SOUND ENERGY INC,53067011821.0
69979,2C4RC1N74L,Thurston,Olympia,WA,98506.0,2020,CHRYSLER,PACIFICA,Plug-in Hybrid Electric Vehicle (PHEV),Clean Alternative Fuel Vehicle Eligible,32,0,22.0,124770383,POINT (-122.88747809999995 47.051957300000026),PUGET SOUND ENERGY INC,53067012100.0
119365,WMEEJ9AA8G,Snohomish,Bothell,WA,98012.0,2016,SMART,FORTWO,Battery Electric Vehicle (BEV),Clean Alternative Fuel Vehicle Eligible,68,0,44.0,143784105,POINT (-122.1873 47.82024500000006),PUGET SOUND ENERGY INC,53061052010.0
52774,5UXTA6C09M,King,Seattle,WA,98126.0,2021,BMW,X5,Plug-in Hybrid Electric Vehicle (PHEV),Clean Alternative Fuel Vehicle Eligible,30,0,34.0,121716458,POINT (-122.37439 47.54468),CITY OF SEATTLE - (WA)|CITY OF TACOMA - (WA),53033010501.0
73140,YV4ED3GB9N,Kitsap,Bainbridge Island,WA,98110.0,2022,VOLVO,C40,Battery Electric Vehicle (BEV),Eligibility unknown as battery range has not been researched,0,0,23.0,195915744,POINT (-122.52357809999995 47.629332300000044),PUGET SOUND ENERGY INC,53035091001.0
80190,JTDKN3DP3D,King,Renton,WA,98059.0,2013,TOYOTA,PRIUS PLUG-IN,Plug-in Hybrid Electric Vehicle (PHEV),Not eligible due to low battery range,6,0,5.0,4267728,POINT (-122.15733999999998 47.487175000000036),PUGET SOUND ENERGY INC||CITY OF TACOMA - (WA),53033031904.0
79761,5YJ3E1EB0J,Pierce,Gig Harbor,WA,98332.0,2018,TESLA,MODEL 3,Battery Electric Vehicle (BEV),Clean Alternative Fuel Vehicle Eligible,215,0,26.0,324853021,POINT (-122.589645 47.342345),BONNEVILLE POWER ADMINISTRATION||CITY OF TACOMA - (WA)||PENINSULA LIGHT COMPANY,53053072508.0
7362,WVGRMPE22M,King,Seattle,WA,98178.0,2021,VOLKSWAGEN,ID.4,Battery Electric Vehicle (BEV),Eligibility unknown as battery range has not been researched,0,0,37.0,175463081,POINT (-122.23438499999997 47.49454500000007),CITY OF SEATTLE - (WA)|CITY OF TACOMA - (WA),53033011902.0
101960,5YJYGDEE3L,King,Seattle,WA,98109.0,2020,TESLA,MODEL Y,Battery Electric Vehicle (BEV),Clean Alternative Fuel Vehicle Eligible,291,0,43.0,125902787,POINT (-122.34848 47.632405),CITY OF SEATTLE - (WA)|CITY OF TACOMA - (WA),53033007303.0
7395,5YJ3E1EA9J,King,Woodinville,WA,98072.0,2018,TESLA,MODEL 3,Battery Electric Vehicle (BEV),Clean Alternative Fuel Vehicle Eligible,215,0,45.0,312076607,POINT (-122.15166499999998 47.75855000000007),PUGET SOUND ENERGY INC||CITY OF TACOMA - (WA),53033032319.0
95354,5YJ3E1EB4K,King,Redmond,WA,98052.0,2019,TESLA,MODEL 3,Battery Electric Vehicle (BEV),Clean Alternative Fuel Vehicle Eligible,220,0,48.0,228256920,POINT (-122.12302 47.67668),PUGET SOUND ENERGY INC||CITY OF TACOMA - (WA),53033032330.0
69149,1G1RB6S56J,King,Mercer Island,WA,98040.0,2018,CHEVROLET,VOLT,Plug-in Hybrid Electric Vehicle (PHEV),Clean Alternative Fuel Vehicle Eligible,53,0,41.0,324861785,POINT (-122.2371867 47.58229970000008),PUGET SOUND ENERGY INC||CITY OF TACOMA - (WA),53033024601.0
68377,1G1FZ6S01N,Snohomish,Marysville,WA,98270.0,2022,CHEVROLET,BOLT EV,Battery Electric Vehicle (BEV),Eligibility unknown as battery range has not been researched,0,0,44.0,200553587,POINT (-122.17673 48.05542),PUGET SOUND ENERGY INC,53061052711.0
85457,WVGGNPE27N,Kitsap,Bainbridge Island,WA,98110.0,2022,VOLKSWAGEN,ID.4,Battery Electric Vehicle (BEV),Eligibility unknown as battery range has not been researched,0,0,23.0,221389668,POINT (-122.52357809999995 47.629332300000044),PUGET SOUND ENERGY INC,53035090700.0
117038,1N4BZ0CP5H,Whatcom,Bellingham,WA,98229.0,2017,NISSAN,LEAF,Battery Electric Vehicle (BEV),Clean Alternative Fuel Vehicle Eligible,107,0,40.0,151824977,POINT (-122.45692269999995 48.747097300000064),PUGET SOUND ENERGY INC||PUD NO 1 OF WHATCOM COUNTY,53073000902.0
30382,5YJXCBE28M,King,Seattle,WA,98134.0,2021,TESLA,MODEL X,Battery Electric Vehicle (BEV),Eligibility unknown as battery range has not been researched,0,0,11.0,131384137,POINT (-122.32981499999994 47.579810000000066),CITY OF SEATTLE - (WA)|CITY OF TACOMA - (WA),53033009300.0
112937,JTDKN3DP6E,King,Seattle,WA,98144.0,2014,TOYOTA,PRIUS PLUG-IN,Plug-in Hybrid Electric Vehicle (PHEV),Not eligible due to low battery range,6,0,37.0,156755889,POINT (-122.30823 47.581975),CITY OF SEATTLE - (WA)|CITY OF TACOMA - (WA),53033009500.0
88511,7SAYGAEE5P,Snohomish,Bothell,WA,98012.0,2023,TESLA,MODEL Y,Battery Electric Vehicle (BEV),Eligibility unknown as battery range has not been researched,0,0,44.0,236652006,POINT (-122.1873 47.82024500000006),PUGET SOUND ENERGY INC,53061052006.0
131608,1N4BZ1CP8K,Benton,Kennewick,WA,99336.0,2019,NISSAN,LEAF,Battery Electric Vehicle (BEV),Clean Alternative Fuel Vehicle Eligible,150,0,8.0,142296885,POINT (-119.113535 46.204945),BONNEVILLE POWER ADMINISTRATION||PUD NO 1 OF BENTON COUNTY,53005010901.0
55770,5YJSA1E26J,King,Seattle,WA,98112.0,2018,TESLA,MODEL S,Battery Electric Vehicle (BEV),Clean Alternative Fuel Vehicle Eligible,249,0,43.0,475924515,POINT (-122.30763999999999 47.625230000000045),CITY OF SEATTLE - (WA)|CITY OF TACOMA - (WA),53033007600.0
137200,WBY33AW09P,Jefferson,Port Townsend,WA,98368.0,2023,BMW,I4,Battery Electric Vehicle (BEV),Eligibility unknown as battery range has not been researched,0,0,24.0,228725423,POINT (-122.76441969999996 48.11958740000006),BONNEVILLE POWER ADMINISTRATION||PUGET SOUND ENERGY INC||PUD NO 1 OF JEFFERSON COUNTY,53031950604.0
97453,5UXTS1C05M,King,Issaquah,WA,98027.0,2021,BMW,X3,Plug-in Hybrid Electric Vehicle (PHEV),Not eligible due to low battery range,17,0,5.0,167387174,POINT (-122.03643999999997 47.53374000000008),PUGET SOUND ENERGY INC||CITY OF TACOMA - (WA),53033025006.0
98440,7SAYGDEF3N,Whatcom,Bellingham,WA,98226.0,2022,TESLA,MODEL Y,Battery Electric Vehicle (BEV),Eligibility unknown as battery range has not been researched,0,0,42.0,244926279,POINT (-122.45493 48.76809),PUGET SOUND ENERGY INC||PUD NO 1 OF WHATCOM COUNTY,53073000102.0
6311,5YJSA1DNXD,Kitsap,Seabeck,WA,98380.0,2013,TESLA,MODEL S,Battery Electric Vehicle (BEV),Clean Alternative Fuel Vehicle Eligible,208,69900,35.0,119860289,POINT (-122.84746199999995 47.638360000000034),PUGET SOUND ENERGY INC,53035091301.0
34809,YV1H60EP9P,King,Maple Valley,WA,98038.0,2023,VOLVO,V60,Plug-in Hybrid Electric Vehicle (PHEV),Clean Alternative Fuel Vehicle Eligible,41,0,5.0,244926181,POINT (-122.05190999999996 47.35798500000004),PUGET SOUND ENERGY INC||CITY OF TACOMA - (WA),53033032008.0
115578,WMEFJ9BA2J,Whatcom,Bellingham,WA,98229.0,2018,SMART,EQ FORTWO,Battery Electric Vehicle (BEV),Clean Alternative Fuel Vehicle Eligible,58,0,40.0,116880431,POINT (-122.45692269999995 48.747097300000064),PUGET SOUND ENERGY INC||PUD NO 1 OF WHATCOM COUNTY,53073000809.0
78068,5YJYGAEE2M,Snohomish,Mill Creek,WA,98012.0,2021,TESLA,MODEL Y,Battery Electric Vehicle (BEV),Eligibility unknown as battery range has not been researched,0,0,44.0,181215744,POINT (-122.1873 47.82024500000006),PUGET SOUND ENERGY INC,53061052008.0
80623,1G1RD6E4XD,King,Seattle,WA,98126.0,2013,CHEVROLET,VOLT,Plug-in Hybrid Electric Vehicle (PHEV),Clean Alternative Fuel Vehicle Eligible,38,0,34.0,221539363,POINT (-122.37439 47.54468),CITY OF SEATTLE - (WA)|CITY OF TACOMA - (WA),53033011402.0
101413,1N4AZ1CP4L,King,Redmond,WA,98052.0,2020,NISSAN,LEAF,Battery Electric Vehicle (BEV),Clean Alternative Fuel Vehicle Eligible,149,0,45.0,144069040,POINT (-122.12302 47.67668),PUGET SOUND ENERGY INC||CITY OF TACOMA - (WA),53033032321.0
61634,5YJYGDEE9L,King,Seattle,WA,98136.0,2020,TESLA,MODEL Y,Battery Electric Vehicle (BEV),Clean Alternative Fuel Vehicle Eligible,291,0,34.0,128804854,POINT (-122.38867499999998 47.54150000000004),CITY OF SEATTLE - (WA)|CITY OF TACOMA - (WA),53033011601.0
1810,1C4JJXP65P,King,Shoreline,WA,98155.0,2023,JEEP,WRANGLER,Plug-in Hybrid Electric Vehicle (PHEV),Not eligible due to low battery range,21,0,32.0,224680081,POINT (-122.31749999999994 47.757814600000074),CITY OF SEATTLE - (WA)|CITY OF TACOMA - (WA),53033020500.0
73625,1N4AZ0CP7D,Pierce,Tacoma,WA,98445.0,2013,NISSAN,LEAF,Battery Electric Vehicle (BEV),Clean Alternative Fuel Vehicle Eligible,75,0,25.0,192470827,POINT (-122.40872 47.165675),BONNEVILLE POWER ADMINISTRATION||CITY OF TACOMA - (WA)||PENINSULA LIGHT COMPANY,53053071603.0
12139,WVGKMPE2XM,Kitsap,Bainbridge Island,WA,98110.0,2021,VOLKSWAGEN,ID.4,Battery Electric Vehicle (BEV),Eligibility unknown as battery range has not been researched,0,0,23.0,193706607,POINT (-122.52357809999995 47.629332300000044),PUGET SOUND ENERGY INC,53035090800.0
63671,5YJ3E1EA2K,Snohomish,Lake Stevens,WA,98258.0,2019,TESLA,MODEL 3,Battery Electric Vehicle (BEV),Clean Alternative Fuel Vehicle Eligible,220,0,44.0,252982089,POINT (-122.11206499999997 48.00434500000006),PUGET SOUND ENERGY INC,53061052707.0
41665,YV4ED3UB5N,King,Seattle,WA,98136.0,2022,VOLVO,XC40,Battery Electric Vehicle (BEV),Eligibility unknown as battery range has not been researched,0,0,34.0,202896536,POINT (-122.38867499999998 47.54150000000004),CITY OF SEATTLE - (WA)|CITY OF TACOMA - (WA),53033010502.0
105857,1N4AZ0CP3F,King,Snoqualmie,WA,98024.0,2015,NISSAN,LEAF,Battery Electric Vehicle (BEV),Clean Alternative Fuel Vehicle Eligible,84,0,5.0,137570107,POINT (-121.89361839999998 47.56408320000003),PUGET SOUND ENERGY INC||CITY OF TACOMA - (WA),53033032604.0
87046,JTDKN3DP2E,King,Vashon,WA,98070.0,2014,TOYOTA,PRIUS PLUG-IN,Plug-in Hybrid Electric Vehicle (PHEV),Not eligible due to low battery range,6,0,34.0,9537468,POINT (-122.45867519999996 47.448468700000035),PUGET SOUND ENERGY INC||CITY OF TACOMA - (WA),53033027701.0
69234,JN1AZ0CP9B,King,Seattle,WA,98122.0,2011,NISSAN,LEAF,Battery Electric Vehicle (BEV),Clean Alternative Fuel Vehicle Eligible,73,0,37.0,102320991,POINT (-122.30838999999997 47.61036500000006),CITY OF SEATTLE - (WA)|CITY OF TACOMA - (WA),53033007800.0
19357,7SAYGDEE0N,King,Seattle,WA,98121.0,2022,TESLA,MODEL Y,Battery Electric Vehicle (BEV),Eligibility unknown as battery range has not been researched,0,0,36.0,187253307,POINT (-122.344 47.61538500000006),CITY OF SEATTLE - (WA)|CITY OF TACOMA - (WA),53033007201.0
93803,1G1RD6E45F,Pierce,Parkland,WA,98446.0,2015,CHEVROLET,VOLT,Plug-in Hybrid Electric Vehicle (PHEV),Clean Alternative Fuel Vehicle Eligible,38,0,29.0,207773135,POINT (-122.377475 47.096645),BONNEVILLE POWER ADMINISTRATION||CITY OF TACOMA - (WA)||PENINSULA LIGHT COMPANY,53053071412.0
86240,7FCTGAAAXP,Clallam,Port Angeles,WA,98363.0,2023,RIVIAN,R1T,Battery Electric Vehicle (BEV),Eligibility unknown as battery range has not been researched,0,0,24.0,230609228,POINT (-123.46101 48.118925),BONNEVILLE POWER ADMINISTRATION||PUD NO 1 OF CLALLAM COUNTY,53009001500.0
91606,KM8K23AG3P,King,Seattle,WA,98118.0,2023,HYUNDAI,KONA ELECTRIC,Battery Electric Vehicle (BEV),Eligibility unknown as battery range has not been researched,0,0,37.0,233165880,POINT (-122.28339 47.549285),CITY OF SEATTLE - (WA)|CITY OF TACOMA - (WA),53033011801.0
61279,KM8KNDAF8P,Thurston,Olympia,WA,98502.0,2023,HYUNDAI,IONIQ 5,Battery Electric Vehicle (BEV),Eligibility unknown as battery range has not been researched,0,0,22.0,241484862,POINT (-122.92145 47.045935),PUGET SOUND ENERGY INC,53067012001.0
17477,1C4JJXP62N,Snohomish,Lake Stevens,WA,98258.0,2022,JEEP,WRANGLER,Plug-in Hybrid Electric Vehicle (PHEV),Not eligible due to low battery range,21,0,44.0,208955813,POINT (-122.11206499999997 48.00434500000006),PUGET SOUND ENERGY INC,53061052607.0
130297,3FMTK3SUXN,Thurston,Olympia,WA,98512.0,2022,FORD,MUSTANG MACH-E,Battery Electric Vehicle (BEV),Eligibility unknown as battery range has not been researched,0,0,22.0,204808873,POINT (-122.91310169999997 47.01359260000004),PUGET SOUND ENERGY INC,53067010910.0
70638,LPSEG3KA3N,Whatcom,Bellingham,WA,98229.0,2022,POLESTAR,PS2,Battery Electric Vehicle (BEV),Eligibility unknown as battery range has not been researched,0,0,40.0,212256418,POINT (-122.45692269999995 48.747097300000064),PUGET SOUND ENERGY INC||PUD NO 1 OF WHATCOM COUNTY,53073001202.0
128145,5YJSA1E23G,King,Seattle,WA,98116.0,2016,TESLA,MODEL S,Battery Electric Vehicle (BEV),Clean Alternative Fuel Vehicle Eligible,210,0,34.0,241973392,POINT (-122.38815999999997 47.56567000000007),CITY OF SEATTLE - (WA)|CITY OF TACOMA - (WA),53033009701.0
16145,WP0AC2Y12M,Kitsap,Bainbridge Island,WA,98110.0,2021,PORSCHE,TAYCAN,Battery Electric Vehicle (BEV),Clean Alternative Fuel Vehicle Eligible,192,0,23.0,143070644,POINT (-122.52357809999995 47.629332300000044),PUGET SOUND ENERGY INC,53035090700.0
64417,JTDKARFP4J,Benton,Kennewick,WA,99338.0,2018,TOYOTA,PRIUS PRIME,Plug-in Hybrid Electric Vehicle (PHEV),Not eligible due to low battery range,25,0,8.0,226011131,POINT (-119.19730009999995 46.191148800000065),BONNEVILLE POWER ADMINISTRATION||PUD NO 1 OF BENTON COUNTY,53005010815.0
16080,1G1FX6S02H,King,Kirkland,WA,98033.0,2017,CHEVROLET,BOLT EV,Battery Electric Vehicle (BEV),Clean Alternative Fuel Vehicle Eligible,238,0,48.0,348516500,POINT (-122.20263999999997 47.67850000000004),PUGET SOUND ENERGY INC||CITY OF TACOMA - (WA),53033022702.0
1781,7SAYGDEE0P,King,Burien,WA,98146.0,2023,TESLA,MODEL Y,Battery Electric Vehicle (BEV),Eligibility unknown as battery range has not been researched,0,0,34.0,221349124,POINT (-122.355145 47.50565500000005),CITY OF SEATTLE - (WA)|CITY OF TACOMA - (WA),53033027600.0
112595,5YJYGDEE0L,Whatcom,Bellingham,WA,98229.0,2020,TESLA,MODEL Y,Battery Electric Vehicle (BEV),Clean Alternative Fuel Vehicle Eligible,291,0,40.0,109753451,POINT (-122.45692269999995 48.747097300000064),PUGET SOUND ENERGY INC||PUD NO 1 OF WHATCOM COUNTY,53073000902.0
1121,WVGUNPE2XM,King,Seattle,WA,98115.0,2021,VOLKSWAGEN,ID.4,Battery Electric Vehicle (BEV),Eligibility unknown as battery range has not been researched,0,0,43.0,203552765,POINT (-122.31849999999997 47.679490000000044),CITY OF SEATTLE - (WA)|CITY OF TACOMA - (WA),53033003601.0
7752,7SAYGDEE7P,King,Seattle,WA,98105.0,2023,TESLA,MODEL Y,Battery Electric Vehicle (BEV),Eligibility unknown as battery range has not been researched,0,0,43.0,244384080,POINT (-122.319115 47.66132),CITY OF SEATTLE - (WA)|CITY OF TACOMA - (WA),53033004402.0
116266,5YJ3E1EB6K,Snohomish,Woodinville,WA,98072.0,2019,TESLA,MODEL 3,Battery Electric Vehicle (BEV),Clean Alternative Fuel Vehicle Eligible,220,0,1.0,477441849,POINT (-122.15166499999998 47.75855000000007),PUGET SOUND ENERGY INC,53061051912.0
113460,7SAXCDE5XN,King,Renton,WA,98058.0,2022,TESLA,MODEL X,Battery Electric Vehicle (BEV),Eligibility unknown as battery range has not been researched,0,0,11.0,202234021,POINT (-122.1298876 47.4451257),PUGET SOUND ENERGY INC||CITY OF TACOMA - (WA),53033031906.0
57715,JTDKARFP5H,King,Bothell,WA,98072.0,2017,TOYOTA,PRIUS PRIME,Plug-in Hybrid Electric Vehicle (PHEV),Not eligible due to low battery range,25,0,1.0,259852827,POINT (-122.15166499999998 47.75855000000007),PUGET SOUND ENERGY INC||CITY OF TACOMA - (WA),53033021802.0
58662,1N4AZ0CP5D,Kitsap,Bainbridge Island,WA,98110.0,2013,NISSAN,LEAF,Battery Electric Vehicle (BEV),Clean Alternative Fuel Vehicle Eligible,75,0,23.0,146745910,POINT (-122.52357809999995 47.629332300000044),PUGET SOUND ENERGY INC,53035090800.0
142270,KM8KNDAF9P,Whatcom,Bellingham,WA,98226.0,2023,HYUNDAI,IONIQ 5,Battery Electric Vehicle (BEV),Eligibility unknown as battery range has not been researched,0,0,42.0,244712527,POINT (-122.45493 48.76809),PUGET SOUND ENERGY INC||PUD NO 1 OF WHATCOM COUNTY,53073000202.0
37264,JTMABABA3P,King,Tukwila,WA,98188.0,2023,SUBARU,SOLTERRA,Battery Electric Vehicle (BEV),Eligibility unknown as battery range has not been researched,0,0,11.0,244531885,POINT (-122.29179 47.43473),PUGET SOUND ENERGY INC||CITY OF TACOMA - (WA),53033028200.0
95316,5YJ3E1EA3K,King,Bothell,WA,98011.0,2019,TESLA,MODEL 3,Battery Electric Vehicle (BEV),Clean Alternative Fuel Vehicle Eligible,220,0,1.0,477579392,POINT (-122.20577999999995 47.76240500000006),PUGET SOUND ENERGY INC||CITY OF TACOMA - (WA),53033021802.0
91500,7SAYGDEE2P,King,Kirkland,WA,98034.0,2023,TESLA,MODEL Y,Battery Electric Vehicle (BEV),Eligibility unknown as battery range has not been researched,0,0,45.0,240988933,POINT (-122.209285 47.71124),PUGET SOUND ENERGY INC||CITY OF TACOMA - (WA),53033022005.0
74912,5YJ3E1EC5L,King,Seattle,WA,98112.0,2020,TESLA,MODEL 3,Battery Electric Vehicle (BEV),Clean Alternative Fuel Vehicle Eligible,308,0,43.0,6187107,POINT (-122.30763999999999 47.625230000000045),CITY OF SEATTLE - (WA)|CITY OF TACOMA - (WA),53033007600.0
108643,1N4BZ0CP9G,Whatcom,Bellingham,WA,98226.0,2016,NISSAN,LEAF,Battery Electric Vehicle (BEV),Clean Alternative Fuel Vehicle Eligible,84,0,42.0,129381234,POINT (-122.45493 48.76809),PUGET SOUND ENERGY INC||PUD NO 1 OF WHATCOM COUNTY,53073010701.0
39539,YV4BC0PM9H,King,Bellevue,WA,98006.0,2017,VOLVO,XC90,Plug-in Hybrid Electric Vehicle (PHEV),Not eligible due to low battery range,14,0,41.0,205652044,POINT (-122.16936999999996 47.571015000000045),PUGET SOUND ENERGY INC||CITY OF TACOMA - (WA),53033024904.0
66815,KNDCR3L18P,King,Seattle,WA,98122.0,2023,KIA,NIRO,Battery Electric Vehicle (BEV),Eligibility unknown as battery range has not been researched,0,0,37.0,224451643,POINT (-122.30838999999997 47.61036500000006),CITY OF SEATTLE - (WA)|CITY OF TACOMA - (WA),53033007800.0
129481,7SAYGDEE1P,King,Auburn,WA,98001.0,2023,TESLA,MODEL Y,Battery Electric Vehicle (BEV),Eligibility unknown as battery range has not been researched,0,0,47.0,228496047,POINT (-122.2849393 47.3384055),PUGET SOUND ENERGY INC||CITY OF TACOMA - (WA),53033029902.0
140869,1C4JJXP66M,Snohomish,Snohomish,WA,98290.0,2021,JEEP,WRANGLER,Plug-in Hybrid Electric Vehicle (PHEV),Not eligible due to low battery range,25,0,39.0,187159486,POINT (-122.09150499999998 47.91555500000004),PUGET SOUND ENERGY INC,53061053603.0
32588,5YJ3E1EA6J,Clark,Battle Ground,WA,98604.0,2018,TESLA,MODEL 3,Battery Electric Vehicle (BEV),Clean Alternative Fuel Vehicle Eligible,215,0,18.0,183221384,POINT (-122.53217999999998 45.779450000000054),BONNEVILLE POWER ADMINISTRATION||PUD NO 1 OF CLARK COUNTY - (WA),53011040416.0
39447,5YJYGDEE2L,King,Kent,WA,98031.0,2020,TESLA,MODEL Y,Battery Electric Vehicle (BEV),Clean Alternative Fuel Vehicle Eligible,291,0,47.0,115155281,POINT (-122.2012521 47.3931814),PUGET SOUND ENERGY INC||CITY OF TACOMA - (WA),53033029407.0
14455,3FMTK3SUXN,King,Seattle,WA,98177.0,2022,FORD,MUSTANG MACH-E,Battery Electric Vehicle (BEV),Eligibility unknown as battery range has not been researched,0,0,32.0,221225588,POINT (-122.38242499999996 47.77279000000004),CITY OF SEATTLE - (WA)|CITY OF TACOMA - (WA),53033000500.0
15614,KNDRJDLHXN,Clark,Vancouver,WA,98686.0,2022,KIA,SORENTO,Plug-in Hybrid Electric Vehicle (PHEV),Clean Alternative Fuel Vehicle Eligible,32,0,49.0,213485576,POINT (-122.64839529999995 45.70104270000007),BONNEVILLE POWER ADMINISTRATION||PUD NO 1 OF CLARK COUNTY - (WA),53011040803.0
41763,5YJSA1E15H,Clark,La Center,WA,98629.0,2017,TESLA,MODEL S,Battery Electric Vehicle (BEV),Clean Alternative Fuel Vehicle Eligible,210,0,20.0,208480520,POINT (-122.67062459999994 45.866254800000036),BONNEVILLE POWER ADMINISTRATION||PUD NO 1 OF CLARK COUNTY - (WA),53011040202.0
130325,1G1RC6S5XH,Grays Harbor,Montesano,WA,98563.0,2017,CHEVROLET,VOLT,Plug-in Hybrid Electric Vehicle (PHEV),Clean Alternative Fuel Vehicle Eligible,53,0,19.0,132198846,POINT (-123.60535 46.982215),BONNEVILLE POWER ADMINISTRATION||PUD NO 1 OF GRAYS HARBOR COUNTY,53027000800.0
10524,7SAYGDEE0N,Snohomish,Everett,WA,98208.0,2022,TESLA,MODEL Y,Battery Electric Vehicle (BEV),Eligibility unknown as battery range has not been researched,0,0,44.0,192510622,POINT (-122.22477569999995 47.91564090000003),PUGET SOUND ENERGY INC,53061041607.0
84376,1V2GNPE85P,King,Renton,WA,98058.0,2023,VOLKSWAGEN,ID.4,Battery Electric Vehicle (BEV),Eligibility unknown as battery range has not been researched,0,0,11.0,220825237,POINT (-122.1298876 47.4451257),PUGET SOUND ENERGY INC||CITY OF TACOMA - (WA),53033029304.0
97254,7SAYGDEE8N,Kitsap,Bainbridge Island,WA,98110.0,2022,TESLA,MODEL Y,Battery Electric Vehicle (BEV),Eligibility unknown as battery range has not been researched,0,0,23.0,204777653,POINT (-122.52357809999995 47.629332300000044),PUGET SOUND ENERGY INC,53035091002.0
14101,1G1RB6E44D,Kitsap,Silverdale,WA,98383.0,2013,CHEVROLET,VOLT,Plug-in Hybrid Electric Vehicle (PHEV),Clean Alternative Fuel Vehicle Eligible,38,0,23.0,128308659,POINT (-122.66807599999999 47.66597800000005),PUGET SOUND ENERGY INC,53035090400.0
123969,1G1FZ6S07K,Snohomish,Edmonds,WA,98020.0,2019,CHEVROLET,BOLT EV,Battery Electric Vehicle (BEV),Clean Alternative Fuel Vehicle Eligible,238,0,21.0,217621547,POINT (-122.37507 47.80807000000004),PUGET SOUND ENERGY INC,53061050501.0
3931,1G1FX6S04H,King,Shoreline,WA,98177.0,2017,CHEVROLET,BOLT EV,Battery Electric Vehicle (BEV),Clean Alternative Fuel Vehicle Eligible,238,0,32.0,175825324,POINT (-122.38242499999996 47.77279000000004),CITY OF SEATTLE - (WA)|CITY OF TACOMA - (WA),53033020200.0
129884,JTMABABA7P,Snohomish,Bothell,WA,98021.0,2023,SUBARU,SOLTERRA,Battery Electric Vehicle (BEV),Eligibility unknown as battery range has not been researched,0,0,1.0,230884720,POINT (-122.17945799999995 47.80258900000007),PUGET SOUND ENERGY INC,53061051918.0
99581,5YJYGDEE7M,Pierce,Gig Harbor,WA,98335.0,2021,TESLA,MODEL Y,Battery Electric Vehicle (BEV),Eligibility unknown as battery range has not been researched,0,0,26.0,167020374,POINT (-122.5835454 47.3234488),BONNEVILLE POWER ADMINISTRATION||CITY OF TACOMA - (WA)||PENINSULA LIGHT COMPANY,53053072407.0
35837,WBY1Z4C55E,King,Shoreline,WA,98177.0,2014,BMW,I3,Plug-in Hybrid Electric Vehicle (PHEV),Clean Alternative Fuel Vehicle Eligible,72,0,32.0,270496250,POINT (-122.38242499999996 47.77279000000004),CITY OF SEATTLE - (WA)|CITY OF TACOMA - (WA),53033020100.0
130004,KNDCR3L13P,Pierce,Tacoma,WA,98402.0,2023,KIA,NIRO,Battery Electric Vehicle (BEV),Eligibility unknown as battery range has not been researched,0,0,27.0,235030918,POINT (-122.44131 47.25207),BONNEVILLE POWER ADMINISTRATION||CITY OF TACOMA - (WA)||PENINSULA LIGHT COMPANY,53053061502.0
111274,1G1RD6E49D,Pierce,Parkland,WA,98446.0,2013,CHEVROLET,VOLT,Plug-in Hybrid Electric Vehicle (PHEV),Clean Alternative Fuel Vehicle Eligible,38,0,25.0,115780080,POINT (-122.377475 47.096645),BONNEVILLE POWER ADMINISTRATION||CITY OF TACOMA - (WA)||PENINSULA LIGHT COMPANY,53053071305.0
130492,1N4BZ0CP2G,Snohomish,Edmonds,WA,98026.0,2016,NISSAN,LEAF,Battery Electric Vehicle (BEV),Clean Alternative Fuel Vehicle Eligible,84,0,21.0,147853793,POINT (-122.33568499999996 47.803720000000055),PUGET SOUND ENERGY INC,53061050300.0
115595,5YJ3E1EA6J,King,Bellevue,WA,98006.0,2018,TESLA,MODEL 3,Battery Electric Vehicle (BEV),Clean Alternative Fuel Vehicle Eligible,215,0,41.0,122391286,POINT (-122.16936999999996 47.571015000000045),PUGET SOUND ENERGY INC||CITY OF TACOMA - (WA),53033024905.0
133942,1G1FY6S02N,Spokane,Newman Lake,WA,99025.0,2022,CHEVROLET,BOLT EV,Battery Electric Vehicle (BEV),Eligibility unknown as battery range has not been researched,0,0,4.0,218988584,POINT (-117.06236999999999 47.70477500000004),BONNEVILLE POWER ADMINISTRATION||AVISTA CORP||INLAND POWER & LIGHT COMPANY,53063010101.0
129437,5YJSA1H27F,Pierce,Tacoma,WA,98407.0,2015,TESLA,MODEL S,Battery Electric Vehicle (BEV),Clean Alternative Fuel Vehicle Eligible,208,0,27.0,5381666,POINT (-122.5113356 47.2923828),BONNEVILLE POWER ADMINISTRATION||TOWN OF RUSTON - (WA)|CITY OF TACOMA - (WA)||PENINSULA LIGHT COMPANY,53053060300.0
86837,7SAYGDEF6P,Pierce,Gig Harbor,WA,98335.0,2023,TESLA,MODEL Y,Battery Electric Vehicle (BEV),Eligibility unknown as battery range has not been researched,0,0,26.0,228638007,POINT (-122.5835454 47.3234488),BONNEVILLE POWER ADMINISTRATION||CITY OF TACOMA - (WA)||PENINSULA LIGHT COMPANY,53053072408.0
69733,7FCTGAAA4P,King,Snoqualmie,WA,98065.0,2023,RIVIAN,R1T,Battery Electric Vehicle (BEV),Eligibility unknown as battery range has not been researched,0,0,5.0,245635708,POINT (-121.87404959999998 47.534554600000035),PUGET SOUND ENERGY INC||CITY OF TACOMA - (WA),53033032604.0
76984,1G1FX6S01H,King,Kent,WA,98032.0,2017,CHEVROLET,BOLT EV,Battery Electric Vehicle (BEV),Clean Alternative Fuel Vehicle Eligible,238,0,33.0,171618653,POINT (-122.235475 47.3809),PUGET SOUND ENERGY INC||CITY OF TACOMA - (WA),53033029206.0
27021,JTDKN3DP8C,Jefferson,Port Townsend,WA,98368.0,2012,TOYOTA,PRIUS PLUG-IN,Plug-in Hybrid Electric Vehicle (PHEV),Not eligible due to low battery range,6,0,24.0,251490823,POINT (-122.76441969999996 48.11958740000006),BONNEVILLE POWER ADMINISTRATION||PUGET SOUND ENERGY INC||PUD NO 1 OF JEFFERSON COUNTY,53031950603.0
626,JN1AZ0CP8B,King,Seattle,WA,98144.0,2011,NISSAN,LEAF,Battery Electric Vehicle (BEV),Clean Alternative Fuel Vehicle Eligible,73,0,37.0,119960396,POINT (-122.30823 47.581975),CITY OF SEATTLE - (WA)|CITY OF TACOMA - (WA),53033009500.0
110213,5YJ3E1EB2N,King,Seattle,WA,98121.0,2022,TESLA,MODEL 3,Battery Electric Vehicle (BEV),Eligibility unknown as battery range has not been researched,0,0,36.0,193955912,POINT (-122.344 47.61538500000006),CITY OF SEATTLE - (WA)|CITY OF TACOMA - (WA),53033007201.0
30239,1G1FZ6S09P,King,Seattle,WA,98144.0,2023,CHEVROLET,BOLT EUV,Battery Electric Vehicle (BEV),Eligibility unknown as battery range has not been researched,0,0,37.0,240078422,POINT (-122.30823 47.581975),CITY OF SEATTLE - (WA)|CITY OF TACOMA - (WA),53033008900.0
141352,1N4BZ1CP6K,Spokane,Spokane Valley,WA,99206.0,2019,NISSAN,LEAF,Battery Electric Vehicle (BEV),Clean Alternative Fuel Vehicle Eligible,150,0,4.0,476905642,POINT (-117.24548999999996 47.65340000000003),BONNEVILLE POWER ADMINISTRATION||VERA IRRIGATION DISTRICT #15,53063012401.0
133417,5YJ3E1EB1N,King,Seattle,WA,98144.0,2022,TESLA,MODEL 3,Battery Electric Vehicle (BEV),Eligibility unknown as battery range has not been researched,0,0,37.0,194503417,POINT (-122.30823 47.581975),CITY OF SEATTLE - (WA)|CITY OF TACOMA - (WA),53033008900.0
90121,JTDKARFP0K,Whatcom,Bellingham,WA,98229.0,2019,TOYOTA,PRIUS PRIME,Plug-in Hybrid Electric Vehicle (PHEV),Not eligible due to low battery range,25,0,40.0,171391853,POINT (-122.45692269999995 48.747097300000064),PUGET SOUND ENERGY INC||PUD NO 1 OF WHATCOM COUNTY,53073000808.0
73303,1N4AZ1CV3N,King,Kirkland,WA,98033.0,2022,NISSAN,LEAF,Battery Electric Vehicle (BEV),Eligibility unknown as battery range has not been researched,0,0,48.0,187606422,POINT (-122.20263999999997 47.67850000000004),PUGET SOUND ENERGY INC||CITY OF TACOMA - (WA),53033022502.0
125662,1G1RD6E4XE,Mason,Hoodsport,WA,98548.0,2014,CHEVROLET,VOLT,Plug-in Hybrid Electric Vehicle (PHEV),Clean Alternative Fuel Vehicle Eligible,38,0,35.0,204885915,POINT (-123.20213189999998 47.416823100000045),BONNEVILLE POWER ADMINISTRATION||CITY OF TACOMA - (WA)||PUD NO 1 OF MASON COUNTY,53045960201.0
83226,7JRBR0FM9M,Walla Walla,Walla Walla,WA,99362.0,2021,VOLVO,S60,Plug-in Hybrid Electric Vehicle (PHEV),Not eligible due to low battery range,22,0,16.0,148825295,POINT (-118.34331999999995 46.06398500000006),PACIFICORP,53071920702.0
39136,1N4BZ0CP0G,King,Maple Valley,WA,98038.0,2016,NISSAN,LEAF,Battery Electric Vehicle (BEV),Clean Alternative Fuel Vehicle Eligible,84,0,5.0,2718964,POINT (-122.05190999999996 47.35798500000004),PUGET SOUND ENERGY INC||CITY OF TACOMA - (WA),53033032008.0
83904,5YJ3E1EA3H,Skagit,Sedro-Woolley,WA,98284.0,2017,TESLA,MODEL 3,Battery Electric Vehicle (BEV),Clean Alternative Fuel Vehicle Eligible,220,0,39.0,202022614,POINT (-122.23399999999998 48.506125000000054),PUGET SOUND ENERGY INC,53057951200.0
22034,JTDKARFP3J,King,Redmond,WA,98052.0,2018,TOYOTA,PRIUS PRIME,Plug-in Hybrid Electric Vehicle (PHEV),Not eligible due to low battery range,25,0,45.0,105981571,POINT (-122.12302 47.67668),PUGET SOUND ENERGY INC||CITY OF TACOMA - (WA),53033032321.0
18307,1N4BZ0CP2G,King,Seattle,WA,98112.0,2016,NISSAN,LEAF,Battery Electric Vehicle (BEV),Clean Alternative Fuel Vehicle Eligible,84,0,43.0,108390229,POINT (-122.30763999999999 47.625230000000045),CITY OF SEATTLE - (WA)|CITY OF TACOMA - (WA),53033006400.0
105313,1N4AZ0CPXD,San Juan,Friday Harbor,WA,98250.0,2013,NISSAN,LEAF,Battery Electric Vehicle (BEV),Clean Alternative Fuel Vehicle Eligible,75,0,40.0,146835853,POINT (-123.02225499999997 48.531355000000076),BONNEVILLE POWER ADMINISTRATION||ORCAS POWER & LIGHT COOP,53055960301.0
129569,1N4BZ0CP8G,King,Vashon,WA,98070.0,2016,NISSAN,LEAF,Battery Electric Vehicle (BEV),Clean Alternative Fuel Vehicle Eligible,84,0,34.0,204720932,POINT (-122.45867519999996 47.448468700000035),PUGET SOUND ENERGY INC||CITY OF TACOMA - (WA),53033027702.0
791,7SAYGDEE1P,King,Kirkland,WA,98034.0,2023,TESLA,MODEL Y,Battery Electric Vehicle (BEV),Eligibility unknown as battery range has not been researched,0,0,1.0,232975249,POINT (-122.209285 47.71124),PUGET SOUND ENERGY INC||CITY OF TACOMA - (WA),53033022201.0
62293,5YJ3E1EB3J,Snohomish,Darrington,WA,98241.0,2018,TESLA,MODEL 3,Battery Electric Vehicle (BEV),Clean Alternative Fuel Vehicle Eligible,215,0,39.0,230950163,POINT (-121.60416499999997 48.25297500000005),BONNEVILLE POWER ADMINISTRATION||PUD 1 OF SNOHOMISH COUNTY,53061053700.0
9441,WA1E2AFY2L,Kitsap,Bainbridge Island,WA,98110.0,2020,AUDI,Q5 E,Plug-in Hybrid Electric Vehicle (PHEV),Not eligible due to low battery range,20,0,23.0,132588669,POINT (-122.52357809999995 47.629332300000044),PUGET SOUND ENERGY INC,53035090902.0
123962,5YJYGDEE3M,King,Seattle,WA,98121.0,2021,TESLA,MODEL Y,Battery Electric Vehicle (BEV),Eligibility unknown as battery range has not been researched,0,0,36.0,128804175,POINT (-122.344 47.61538500000006),CITY OF SEATTLE - (WA)|CITY OF TACOMA - (WA),53033007202.0
33892,YV4BC0PL4H,King,Federal Way,WA,98023.0,2017,VOLVO,XC90,Plug-in Hybrid Electric Vehicle (PHEV),Not eligible due to low battery range,14,0,30.0,211740805,POINT (-122.36362999999994 47.30675000000008),PUGET SOUND ENERGY INC||CITY OF TACOMA - (WA),53033030102.0
39171,5YJSA1E22J,Snohomish,Bothell,WA,98021.0,2018,TESLA,MODEL S,Battery Electric Vehicle (BEV),Clean Alternative Fuel Vehicle Eligible,249,0,1.0,193764812,POINT (-122.17945799999995 47.80258900000007),PUGET SOUND ENERGY INC,53061051926.0
135105,5YJYGDEE8L,Spokane,Spokane,WA,99223.0,2020,TESLA,MODEL Y,Battery Electric Vehicle (BEV),Clean Alternative Fuel Vehicle Eligible,291,0,6.0,170825882,POINT (-117.36970499999995 47.626370000000065),BONNEVILLE POWER ADMINISTRATION||INLAND POWER & LIGHT COMPANY,53063013401.0
138763,5YJ3E1EB1P,King,Redmond,WA,98052.0,2023,TESLA,MODEL 3,Battery Electric Vehicle (BEV),Eligibility unknown as battery range has not been researched,0,0,48.0,224675167,POINT (-122.12302 47.67668),PUGET SOUND ENERGY INC||CITY OF TACOMA - (WA),53033032330.0
77205,5YJ3E1EA8M,Pierce,South Hill,WA,98374.0,2021,TESLA,MODEL 3,Battery Electric Vehicle (BEV),Eligibility unknown as battery range has not been researched,0,0,25.0,169590704,POINT (-122.275748 47.1395924),PUGET SOUND ENERGY INC||CITY OF TACOMA - (WA),53053073123.0
40791,5YJSA1E22J,King,Seattle,WA,98112.0,2018,TESLA,MODEL S,Battery Electric Vehicle (BEV),Clean Alternative Fuel Vehicle Eligible,249,0,43.0,454043096,POINT (-122.30763999999999 47.625230000000045),CITY OF SEATTLE - (WA)|CITY OF TACOMA - (WA),53033006200.0
63518,5YJ3E1EB7L,King,Bellevue,WA,98006.0,2020,TESLA,MODEL 3,Battery Electric Vehicle (BEV),Clean Alternative Fuel Vehicle Eligible,322,0,41.0,226094361,POINT (-122.16936999999996 47.571015000000045),PUGET SOUND ENERGY INC||CITY OF TACOMA - (WA),53033023902.0
59445,WDC0G5EB6K,Pierce,Puyallup,WA,98371.0,2019,MERCEDES-BENZ,GLC-CLASS,Plug-in Hybrid Electric Vehicle (PHEV),Not eligible due to low battery range,10,0,25.0,249935472,POINT (-122.299155 47.19178),PUGET SOUND ENERGY INC||CITY OF TACOMA - (WA),53053073408.0
37362,1N4BZ1BVXN,Clark,Vancouver,WA,98683.0,2022,NISSAN,LEAF,Battery Electric Vehicle (BEV),Eligibility unknown as battery range has not been researched,0,0,18.0,179169574,POINT (-122.48538729999996 45.60833470000006),BONNEVILLE POWER ADMINISTRATION||PUD NO 1 OF CLARK COUNTY - (WA),53011041325.0
12148,YV4BC0PL0H,King,Seattle,WA,98115.0,2017,VOLVO,XC90,Plug-in Hybrid Electric Vehicle (PHEV),Not eligible due to low battery range,14,0,43.0,224039056,POINT (-122.31849999999997 47.679490000000044),CITY OF SEATTLE - (WA)|CITY OF TACOMA - (WA),53033003601.0
28366,5YJXCAE49G,King,Pacific,WA,98047.0,2016,TESLA,MODEL X,Battery Electric Vehicle (BEV),Clean Alternative Fuel Vehicle Eligible,200,0,30.0,227276899,POINT (-122.250215 47.25014),PUGET SOUND ENERGY INC||CITY OF TACOMA - (WA),53033030902.0
139333,1FT6W1EV9N,King,Auburn,WA,98001.0,2022,FORD,F-150,Battery Electric Vehicle (BEV),Eligibility unknown as battery range has not been researched,0,0,30.0,235083488,POINT (-122.2849393 47.3384055),PUGET SOUND ENERGY INC||CITY OF TACOMA - (WA),53033030801.0
115966,5YJ3E1EA4P,Pierce,Lake Tapps,WA,98391.0,2023,TESLA,MODEL 3,Battery Electric Vehicle (BEV),Eligibility unknown as battery range has not been researched,0,0,31.0,235948660,POINT (-122.183805 47.18062),PUGET SOUND ENERGY INC||CITY OF TACOMA - (WA),53053070313.0
30116,7FCEHDB74N,King,Kent,WA,98032.0,2022,RIVIAN,EDV,Battery Electric Vehicle (BEV),Eligibility unknown as battery range has not been researched,0,0,33.0,205323268,POINT (-122.235475 47.3809),PUGET SOUND ENERGY INC||CITY OF TACOMA - (WA),53033029206.0
19832,WA1LAAGE6K,King,Bellevue,WA,98005.0,2019,AUDI,E-TRON,Battery Electric Vehicle (BEV),Clean Alternative Fuel Vehicle Eligible,204,0,41.0,328967838,POINT (-122.16084999999998 47.62451500000003),PUGET SOUND ENERGY INC||CITY OF TACOMA - (WA),53033023603.0
65383,5YJ3E1EA1J,King,Seattle,WA,98115.0,2018,TESLA,MODEL 3,Battery Electric Vehicle (BEV),Clean Alternative Fuel Vehicle Eligible,215,0,46.0,311602756,POINT (-122.31849999999997 47.679490000000044),CITY OF SEATTLE - (WA)|CITY OF TACOMA - (WA),53033002500.0
17963,3FA6P0SU1H,Island,Oak Harbor,WA,98277.0,2017,FORD,FUSION,Plug-in Hybrid Electric Vehicle (PHEV),Not eligible due to low battery range,21,0,10.0,250570589,POINT (-122.67886729999998 48.28973140000005),PUGET SOUND ENERGY INC,53029970500.0
95239,7SAYGDEE1P,King,Renton,WA,98058.0,2023,TESLA,MODEL Y,Battery Electric Vehicle (BEV),Eligibility unknown as battery range has not been researched,0,0,11.0,235324351,POINT (-122.1298876 47.4451257),PUGET SOUND ENERGY INC||CITY OF TACOMA - (WA),53033031906.0
134888,WBY1Z4C51G,Jefferson,Port Hadlock,WA,98339.0,2016,BMW,I3,Plug-in Hybrid Electric Vehicle (PHEV),Clean Alternative Fuel Vehicle Eligible,72,0,24.0,235904196,POINT (-122.77596939999995 48.04140300000006),BONNEVILLE POWER ADMINISTRATION||PUGET SOUND ENERGY INC||PUD NO 1 OF JEFFERSON COUNTY,53031950302.0
90315,KL8CK6S01G,Pierce,Bonney Lake,WA,98391.0,2016,CHEVROLET,SPARK,Battery Electric Vehicle (BEV),Clean Alternative Fuel Vehicle Eligible,82,0,31.0,477965358,POINT (-122.183805 47.18062),PUGET SOUND ENERGY INC||CITY OF TACOMA - (WA),53053070313.0
21167,1C4JJXN6XP,King,Tukwila,WA,98188.0,2023,JEEP,WRANGLER,Plug-in Hybrid Electric Vehicle (PHEV),Not eligible due to low battery range,21,0,11.0,232871285,POINT (-122.29179 47.43473),PUGET SOUND ENERGY INC||CITY OF TACOMA - (WA),53033028200.0
140947,5YJXCAE23L,King,Seattle,WA,98199.0,2020,TESLA,MODEL X,Battery Electric Vehicle (BEV),Clean Alternative Fuel Vehicle Eligible,293,0,36.0,125795575,POINT (-122.394185 47.63919500000003),CITY OF SEATTLE - (WA)|CITY OF TACOMA - (WA),53033005700.0
105489,1FADP3R4XH,Snohomish,Lynnwood,WA,98037.0,2017,FORD,FOCUS,Battery Electric Vehicle (BEV),Clean Alternative Fuel Vehicle Eligible,100,0,32.0,350026197,POINT (-122.29726499999998 47.84182000000004),PUGET SOUND ENERGY INC,53061051701.0
33166,5YJ3E1EA6J,King,Bellevue,WA,98006.0,2018,TESLA,MODEL 3,Battery Electric Vehicle (BEV),Clean Alternative Fuel Vehicle Eligible,215,0,41.0,202981628,POINT (-122.16936999999996 47.571015000000045),PUGET SOUND ENERGY INC||CITY OF TACOMA - (WA),53033025008.0
71094,3FA6P0SU1E,King,Seattle,WA,98107.0,2014,FORD,FUSION,Plug-in Hybrid Electric Vehicle (PHEV),Not eligible due to low battery range,19,0,36.0,228429274,POINT (-122.378895 47.66905),CITY OF SEATTLE - (WA)|CITY OF TACOMA - (WA),53033003202.0
65319,KM8KNDAF6P,King,Redmond,WA,98052.0,2023,HYUNDAI,IONIQ 5,Battery Electric Vehicle (BEV),Eligibility unknown as battery range has not been researched,0,0,48.0,241728210,POINT (-122.12302 47.67668),PUGET SOUND ENERGY INC||CITY OF TACOMA - (WA),53033022606.0
87745,1N4AZ0CP8D,King,Fall City,WA,98024.0,2013,NISSAN,LEAF,Battery Electric Vehicle (BEV),Clean Alternative Fuel Vehicle Eligible,75,0,5.0,233987932,POINT (-121.89361839999998 47.56408320000003),PUGET SOUND ENERGY INC||CITY OF TACOMA - (WA),53033032603.0
46837,1G1RB6E47E,Kitsap,Port Orchard,WA,98366.0,2014,CHEVROLET,VOLT,Plug-in Hybrid Electric Vehicle (PHEV),Clean Alternative Fuel Vehicle Eligible,38,0,26.0,182986268,POINT (-122.639265 47.5373),PUGET SOUND ENERGY INC,53035092300.0
132901,5YJSA1E22G,Pierce,Tacoma,WA,98407.0,2016,TESLA,MODEL S,Battery Electric Vehicle (BEV),Clean Alternative Fuel Vehicle Eligible,210,0,27.0,175540151,POINT (-122.5113356 47.2923828),BONNEVILLE POWER ADMINISTRATION||CITY OF TACOMA - (WA)||PENINSULA LIGHT COMPANY,53053060400.0
110029,7SAYGAEE3P,King,Auburn,WA,98001.0,2023,TESLA,MODEL Y,Battery Electric Vehicle (BEV),Eligibility unknown as battery range has not been researched,0,0,30.0,238502757,POINT (-122.2849393 47.3384055),PUGET SOUND ENERGY INC||CITY OF TACOMA - (WA),53033030404.0
76437,1FADP5CU2F,King,Bellevue,WA,98008.0,2015,FORD,C-MAX,Plug-in Hybrid Electric Vehicle (PHEV),Not eligible due to low battery range,19,0,48.0,6369121,POINT (-122.11832 47.6245),PUGET SOUND ENERGY INC||CITY OF TACOMA - (WA),53033023100.0
134434,5YJ3E1EA2P,King,Maple Valley,WA,98010.0,2023,TESLA,MODEL 3,Battery Electric Vehicle (BEV),Eligibility unknown as battery range has not been researched,0,0,5.0,236291968,POINT (-122.00450999999998 47.312185000000056),PUGET SOUND ENERGY INC||CITY OF TACOMA - (WA),53033031605.0
3496,KM8JBDA20P,King,Shoreline,WA,98177.0,2023,HYUNDAI,TUCSON,Plug-in Hybrid Electric Vehicle (PHEV),Clean Alternative Fuel Vehicle Eligible,33,0,32.0,240839049,POINT (-122.38242499999996 47.77279000000004),CITY OF SEATTLE - (WA)|CITY OF TACOMA - (WA),53033020100.0
28867,1C4JJXP62P,King,Tukwila,WA,98188.0,2023,JEEP,WRANGLER,Plug-in Hybrid Electric Vehicle (PHEV),Not eligible due to low battery range,21,0,11.0,239968788,POINT (-122.29179 47.43473),PUGET SOUND ENERGY INC||CITY OF TACOMA - (WA),53033028200.0
74205,1G1FX6S06H,King,Seattle,WA,98115.0,2017,CHEVROLET,BOLT EV,Battery Electric Vehicle (BEV),Clean Alternative Fuel Vehicle Eligible,238,0,46.0,263764707,POINT (-122.31849999999997 47.679490000000044),CITY OF SEATTLE - (WA)|CITY OF TACOMA - (WA),53033002200.0
79418,3FA6P0SU7G,King,Seattle,WA,98122.0,2016,FORD,FUSION,Plug-in Hybrid Electric Vehicle (PHEV),Not eligible due to low battery range,19,0,37.0,123951089,POINT (-122.30838999999997 47.61036500000006),CITY OF SEATTLE - (WA)|CITY OF TACOMA - (WA),53033008800.0
57092,YV4H600N0P,King,Seattle,WA,98117.0,2023,VOLVO,XC90,Plug-in Hybrid Electric Vehicle (PHEV),Clean Alternative Fuel Vehicle Eligible,32,0,36.0,244078306,POINT (-122.37275999999997 47.689685000000054),CITY OF SEATTLE - (WA)|CITY OF TACOMA - (WA),53033003100.0
32771,7PDSGABL3P,King,Seattle,WA,98116.0,2023,RIVIAN,R1S,Battery Electric Vehicle (BEV),Eligibility unknown as battery range has not been researched,0,0,34.0,244417442,POINT (-122.38815999999997 47.56567000000007),CITY OF SEATTLE - (WA)|CITY OF TACOMA - (WA),53033009801.0
131544,KNDPZDAH4P,Snohomish,Mill Creek,WA,98012.0,2023,KIA,SPORTAGE,Plug-in Hybrid Electric Vehicle (PHEV),Clean Alternative Fuel Vehicle Eligible,34,0,44.0,244801721,POINT (-122.1873 47.82024500000006),PUGET SOUND ENERGY INC,53061052004.0
55513,1G1RD6E43D,King,Seattle,WA,98125.0,2013,CHEVROLET,VOLT,Plug-in Hybrid Electric Vehicle (PHEV),Clean Alternative Fuel Vehicle Eligible,38,0,46.0,242706901,POINT (-122.296385 47.71558),CITY OF SEATTLE - (WA)|CITY OF TACOMA - (WA),53033000102.0
122458,1G1FZ6S07P,Pierce,Puyallup,WA,98374.0,2023,CHEVROLET,BOLT EUV,Battery Electric Vehicle (BEV),Eligibility unknown as battery range has not been researched,0,0,25.0,220928487,POINT (-122.275748 47.1395924),PUGET SOUND ENERGY INC||CITY OF TACOMA - (WA),53053071207.0
121356,5YJ3E1EB5K,King,Renton,WA,98059.0,2019,TESLA,MODEL 3,Battery Electric Vehicle (BEV),Clean Alternative Fuel Vehicle Eligible,220,0,11.0,305867544,POINT (-122.15733999999998 47.487175000000036),PUGET SOUND ENERGY INC||CITY OF TACOMA - (WA),53033025103.0
118385,7SAYGDEE3P,King,Kent,WA,98042.0,2023,TESLA,MODEL Y,Battery Electric Vehicle (BEV),Eligibility unknown as battery range has not been researched,0,0,47.0,232599111,POINT (-122.11162499999995 47.360780000000034),PUGET SOUND ENERGY INC||CITY OF TACOMA - (WA),53033032006.0
131636,5YJRE1A32A,Pierce,Steilacoom,WA,98388.0,2010,TESLA,ROADSTER,Battery Electric Vehicle (BEV),Clean Alternative Fuel Vehicle Eligible,245,110950,28.0,477599923,POINT (-122.5970685 47.1686632),BONNEVILLE POWER ADMINISTRATION||TOWN OF STEILACOOM|CITY OF TACOMA - (WA)||PENINSULA LIGHT COMPANY,53053072109.0
69848,5YJ3E1EAXJ,Kitsap,Bainbridge Island,WA,98110.0,2018,TESLA,MODEL 3,Battery Electric Vehicle (BEV),Clean Alternative Fuel Vehicle Eligible,215,0,23.0,146178406,POINT (-122.52357809999995 47.629332300000044),PUGET SOUND ENERGY INC,53035090902.0
10316,5YJ3E1EA4M,King,Duvall,WA,98019.0,2021,TESLA,MODEL 3,Battery Electric Vehicle (BEV),Eligibility unknown as battery range has not been researched,0,0,45.0,151897028,POINT (-121.98107469999997 47.73779620000005),PUGET SOUND ENERGY INC||CITY OF TACOMA - (WA),53033032402.0
52782,JTMAB3FVXN,King,Seattle,WA,98116.0,2022,TOYOTA,RAV4 PRIME,Plug-in Hybrid Electric Vehicle (PHEV),Clean Alternative Fuel Vehicle Eligible,42,0,34.0,205879859,POINT (-122.38815999999997 47.56567000000007),CITY OF SEATTLE - (WA)|CITY OF TACOMA - (WA),53033009702.0
48663,KNDCC3LG5N,King,Renton,WA,98057.0,2022,KIA,NIRO,Battery Electric Vehicle (BEV),Eligibility unknown as battery range has not been researched,0,0,11.0,171398727,POINT (-122.21024 47.4797047),PUGET SOUND ENERGY INC||CITY OF TACOMA - (WA),53033026200.0
48911,5YJ3E1EA2N,King,Seatac,WA,98148.0,2022,TESLA,MODEL 3,Battery Electric Vehicle (BEV),Eligibility unknown as battery range has not been researched,0,0,33.0,219728869,POINT (-122.32863 47.46233),PUGET SOUND ENERGY INC||CITY OF TACOMA - (WA),53033028500.0
40557,YV4ED3GB0N,King,Kirkland,WA,98033.0,2022,VOLVO,C40,Battery Electric Vehicle (BEV),Eligibility unknown as battery range has not been researched,0,0,48.0,200766261,POINT (-122.20263999999997 47.67850000000004),PUGET SOUND ENERGY INC||CITY OF TACOMA - (WA),53033022502.0
126768,1C4JJXP65N,Spokane,Spokane,WA,99207.0,2022,JEEP,WRANGLER,Plug-in Hybrid Electric Vehicle (PHEV),Not eligible due to low battery range,21,0,3.0,213380296,POINT (-117.39786999999995 47.67936000000003),BONNEVILLE POWER ADMINISTRATION||AVISTA CORP||INLAND POWER & LIGHT COMPANY,53063000400.0
60921,WAUTPBFF7G,King,Seattle,WA,98102.0,2016,AUDI,A3,Plug-in Hybrid Electric Vehicle (PHEV),Not eligible due to low battery range,16,0,43.0,255901320,POINT (-122.32234499999998 47.639830000000075),CITY OF SEATTLE - (WA)|CITY OF TACOMA - (WA),53033006500.0
114274,1N4AZ0CP7F,Whatcom,Bellingham,WA,98229.0,2015,NISSAN,LEAF,Battery Electric Vehicle (BEV),Clean Alternative Fuel Vehicle Eligible,84,0,40.0,118898937,POINT (-122.45692269999995 48.747097300000064),PUGET SOUND ENERGY INC||PUD NO 1 OF WHATCOM COUNTY,53073000902.0
126339,1N4BZ1CP4K,Whatcom,Bellingham,WA,98226.0,2019,NISSAN,LEAF,Battery Electric Vehicle (BEV),Clean Alternative Fuel Vehicle Eligible,150,0,40.0,1832645,POINT (-122.45493 48.76809),PUGET SOUND ENERGY INC||PUD NO 1 OF WHATCOM COUNTY,53073000804.0
103360,JTDKN3DPXD,Snohomish,Marysville,WA,98270.0,2013,TOYOTA,PRIUS PLUG-IN,Plug-in Hybrid Electric Vehicle (PHEV),Not eligible due to low battery range,6,0,44.0,194045561,POINT (-122.17673 48.05542),PUGET SOUND ENERGY INC,53061052708.0
107522,1N4BZ1CP0K,Whatcom,Blaine,WA,98230.0,2019,NISSAN,LEAF,Battery Electric Vehicle (BEV),Clean Alternative Fuel Vehicle Eligible,150,0,42.0,333275603,POINT (-122.74498999999997 48.99505000000005),PUGET SOUND ENERGY INC||PUD NO 1 OF WHATCOM COUNTY,53073010504.0
42019,5YJ3E1EB2K,King,Snoqualmie,WA,98065.0,2019,TESLA,MODEL 3,Battery Electric Vehicle (BEV),Clean Alternative Fuel Vehicle Eligible,220,0,5.0,476904298,POINT (-121.87404959999998 47.534554600000035),PUGET SOUND ENERGY INC||CITY OF TACOMA - (WA),53033032605.0
57781,5YJYGDEF1L,King,Snoqualmie,WA,98065.0,2020,TESLA,MODEL Y,Battery Electric Vehicle (BEV),Clean Alternative Fuel Vehicle Eligible,291,0,5.0,127486691,POINT (-121.87404959999998 47.534554600000035),PUGET SOUND ENERGY INC||CITY OF TACOMA - (WA),53033032604.0
128690,1N4BZ0CP4G,Snohomish,Lynnwood,WA,98037.0,2016,NISSAN,LEAF,Battery Electric Vehicle (BEV),Clean Alternative Fuel Vehicle Eligible,84,0,32.0,157035826,POINT (-122.29726499999998 47.84182000000004),PUGET SOUND ENERGY INC,53061051701.0
11970,5YJSA1H18E,King,Bellevue,WA,98004.0,2014,TESLA,MODEL S,Battery Electric Vehicle (BEV),Clean Alternative Fuel Vehicle Eligible,208,69900,48.0,112772068,POINT (-122.201905 47.61385),PUGET SOUND ENERGY INC||CITY OF TACOMA - (WA),53033024002.0
103165,5YJXCBE49G,King,Renton,WA,98059.0,2016,TESLA,MODEL X,Battery Electric Vehicle (BEV),Clean Alternative Fuel Vehicle Eligible,200,0,5.0,134155570,POINT (-122.15733999999998 47.487175000000036),PUGET SOUND ENERGY INC||CITY OF TACOMA - (WA),53033031904.0
51188,5YJ3E1EB0N,King,Bellevue,WA,98004.0,2022,TESLA,MODEL 3,Battery Electric Vehicle (BEV),Eligibility unknown as battery range has not been researched,0,0,41.0,207740193,POINT (-122.201905 47.61385),PUGET SOUND ENERGY INC||CITY OF TACOMA - (WA),53033023901.0
37050,1C4JJXP6XN,King,Sammamish,WA,98075.0,2022,JEEP,WRANGLER,Plug-in Hybrid Electric Vehicle (PHEV),Not eligible due to low battery range,21,0,41.0,218828256,POINT (-122.03308999999996 47.58153000000004),PUGET SOUND ENERGY INC||CITY OF TACOMA - (WA),53033032215.0
109455,7SAYGDEE2P,Snohomish,Arlington,WA,98223.0,2023,TESLA,MODEL Y,Battery Electric Vehicle (BEV),Eligibility unknown as battery range has not been researched,0,0,39.0,225861947,POINT (-122.12324 48.19485),BONNEVILLE POWER ADMINISTRATION||PUD 1 OF SNOHOMISH COUNTY,53061053507.0
91557,3FA6P0PU3H,Clark,Camas,WA,98607.0,2017,FORD,FUSION,Plug-in Hybrid Electric Vehicle (PHEV),Not eligible due to low battery range,21,0,18.0,228405376,POINT (-122.40556499999997 45.59009000000003),BONNEVILLE POWER ADMINISTRATION||PUD NO 1 OF CLARK COUNTY - (WA),53011040604.0
79370,1G1FW6S0XH,Thurston,Olympia,WA,98501.0,2017,CHEVROLET,BOLT EV,Battery Electric Vehicle (BEV),Clean Alternative Fuel Vehicle Eligible,238,0,22.0,222173115,POINT (-122.89692 47.043535),PUGET SOUND ENERGY INC,53067011200.0
78246,1FADP3R42F,Spokane,Spokane,WA,99217.0,2015,FORD,FOCUS,Battery Electric Vehicle (BEV),Clean Alternative Fuel Vehicle Eligible,76,0,3.0,267476268,POINT (-117.35609 47.68401000000006),MODERN ELECTRIC WATER COMPANY,53063014400.0
56685,WBY33AW05P,Thurston,Lacey,WA,98516.0,2023,BMW,I4,Battery Electric Vehicle (BEV),Eligibility unknown as battery range has not been researched,0,0,22.0,220686917,POINT (-122.7510253 47.08149),PUGET SOUND ENERGY INC,53067012225.0
12209,7SAYGDEF8N,King,Burien,WA,98146.0,2022,TESLA,MODEL Y,Battery Electric Vehicle (BEV),Eligibility unknown as battery range has not been researched,0,0,34.0,219728463,POINT (-122.355145 47.50565500000005),CITY OF SEATTLE - (WA)|CITY OF TACOMA - (WA),53033027500.0
2868,YV4H60DM5P,Kitsap,Bainbridge Island,WA,98110.0,2023,VOLVO,XC60,Plug-in Hybrid Electric Vehicle (PHEV),Clean Alternative Fuel Vehicle Eligible,35,0,23.0,230278597,POINT (-122.52357809999995 47.629332300000044),PUGET SOUND ENERGY INC,53035090902.0
64792,1N4AZ0CP5D,Jefferson,Sequim,WA,98382.0,2013,NISSAN,LEAF,Battery Electric Vehicle (BEV),Clean Alternative Fuel Vehicle Eligible,75,0,24.0,131784845,POINT (-123.105015 48.08104),BONNEVILLE POWER ADMINISTRATION||PUGET SOUND ENERGY INC||PUD NO 1 OF JEFFERSON COUNTY,53031950501.0
137336,5YJ3E1EA8K,Benton,Richland,WA,99354.0,2019,TESLA,MODEL 3,Battery Electric Vehicle (BEV),Clean Alternative Fuel Vehicle Eligible,220,0,8.0,333301363,POINT (-119.28752999999995 46.29747000000003),BONNEVILLE POWER ADMINISTRATION||CITY OF RICHLAND - (WA),53005010201.0
15706,5YJRE11B88,King,Kirkland,WA,98033.0,2008,TESLA,ROADSTER,Battery Electric Vehicle (BEV),Clean Alternative Fuel Vehicle Eligible,220,98950,45.0,146370661,POINT (-122.20263999999997 47.67850000000004),PUGET SOUND ENERGY INC||CITY OF TACOMA - (WA),53033022401.0
136885,WBY1Z2C54F,King,Seattle,WA,98118.0,2015,BMW,I3,Battery Electric Vehicle (BEV),Clean Alternative Fuel Vehicle Eligible,81,0,37.0,143895356,POINT (-122.28339 47.549285),CITY OF SEATTLE - (WA)|CITY OF TACOMA - (WA),53033011802.0
42125,5UXKT0C54G,Kitsap,Olalla,WA,98359.0,2016,BMW,X5,Plug-in Hybrid Electric Vehicle (PHEV),Not eligible due to low battery range,14,0,26.0,132805942,POINT (-122.54482999999999 47.41801000000004),PUGET SOUND ENERGY INC,53035092802.0
38111,5YJYGDEE8M,Thurston,Olympia,WA,98502.0,2021,TESLA,MODEL Y,Battery Electric Vehicle (BEV),Eligibility unknown as battery range has not been researched,0,0,22.0,179547133,POINT (-122.92145 47.045935),PUGET SOUND ENERGY INC,53067012001.0
127170,1N4AZ0CP6D,Snohomish,Brier,WA,98036.0,2013,NISSAN,LEAF,Battery Electric Vehicle (BEV),Clean Alternative Fuel Vehicle Eligible,75,0,1.0,103957682,POINT (-122.3164188 47.819664),PUGET SOUND ENERGY INC,53061051914.0
28252,5UXKT0C59G,King,Sammamish,WA,98074.0,2016,BMW,X5,Plug-in Hybrid Electric Vehicle (PHEV),Not eligible due to low battery range,14,0,45.0,257324791,POINT (-122.03132659999994 47.62857820000005),PUGET SOUND ENERGY INC||CITY OF TACOMA - (WA),53033032316.0
2693,1N4AZ0CPXD,King,Kirkland,WA,98034.0,2013,NISSAN,LEAF,Battery Electric Vehicle (BEV),Clean Alternative Fuel Vehicle Eligible,75,0,1.0,243525180,POINT (-122.209285 47.71124),PUGET SOUND ENERGY INC||CITY OF TACOMA - (WA),53033022203.0
99088,JTDKN3DP0C,Snohomish,Snohomish,WA,98290.0,2012,TOYOTA,PRIUS PLUG-IN,Plug-in Hybrid Electric Vehicle (PHEV),Not eligible due to low battery range,6,0,44.0,245282096,POINT (-122.09150499999998 47.91555500000004),PUGET SOUND ENERGY INC,53061052301.0
2605,7SAYGDEEXP,King,Bellevue,WA,98006.0,2023,TESLA,MODEL Y,Battery Electric Vehicle (BEV),Eligibility unknown as battery range has not been researched,0,0,41.0,241595854,POINT (-122.16936999999996 47.571015000000045),PUGET SOUND ENERGY INC||CITY OF TACOMA - (WA),53033024904.0
115663,7SAYGDEE3P,Snohomish,Sultan,WA,98294.0,2023,TESLA,MODEL Y,Battery Electric Vehicle (BEV),Eligibility unknown as battery range has not been researched,0,0,39.0,226154862,POINT (-121.81482499999998 47.86819500000007),BONNEVILLE POWER ADMINISTRATION||PUD 1 OF SNOHOMISH COUNTY,53061053802.0
59486,5YJ3E1EB5K,King,Kirkland,WA,98033.0,2019,TESLA,MODEL 3,Battery Electric Vehicle (BEV),Clean Alternative Fuel Vehicle Eligible,220,0,48.0,478680296,POINT (-122.20263999999997 47.67850000000004),PUGET SOUND ENERGY INC||CITY OF TACOMA - (WA),53033022703.0
113367,WA1F2AFY7M,Snohomish,Edmonds,WA,98026.0,2021,AUDI,Q5 E,Plug-in Hybrid Electric Vehicle (PHEV),Not eligible due to low battery range,18,0,21.0,138909032,POINT (-122.33568499999996 47.803720000000055),PUGET SOUND ENERGY INC,53061050300.0
23144,7SAYGDEF3N,King,Covington,WA,98042.0,2022,TESLA,MODEL Y,Battery Electric Vehicle (BEV),Eligibility unknown as battery range has not been researched,0,0,47.0,206990675,POINT (-122.11162499999995 47.360780000000034),PUGET SOUND ENERGY INC||CITY OF TACOMA - (WA),53033032005.0
15032,5YJ3E1EA9J,Kitsap,Port Orchard,WA,98367.0,2018,TESLA,MODEL 3,Battery Electric Vehicle (BEV),Clean Alternative Fuel Vehicle Eligible,215,0,26.0,301843153,POINT (-122.68516419999997 47.50645300000008),PUGET SOUND ENERGY INC,53035092902.0
16959,WVGGNPE25M,King,Kenmore,WA,98028.0,2021,VOLKSWAGEN,ID.4,Battery Electric Vehicle (BEV),Eligibility unknown as battery range has not been researched,0,0,46.0,194029930,POINT (-122.25047469999998 47.761712800000055),PUGET SOUND ENERGY INC||CITY OF TACOMA - (WA),53033022101.0
113801,WBY1Z8C39H,Pierce,Gig Harbor,WA,98332.0,2017,BMW,I3,Plug-in Hybrid Electric Vehicle (PHEV),Clean Alternative Fuel Vehicle Eligible,97,0,26.0,129353563,POINT (-122.589645 47.342345),BONNEVILLE POWER ADMINISTRATION||CITY OF TACOMA - (WA)||PENINSULA LIGHT COMPANY,53053072507.0
143048,3FA6P0SU1G,Snohomish,Bothell,WA,98012.0,2016,FORD,FUSION,Plug-in Hybrid Electric Vehicle (PHEV),Not eligible due to low battery range,19,0,1.0,349855789,POINT (-122.1873 47.82024500000006),PUGET SOUND ENERGY INC,53061051921.0
44760,5YJ3E1EB1P,King,Mercer Island,WA,98040.0,2023,TESLA,MODEL 3,Battery Electric Vehicle (BEV),Eligibility unknown as battery range has not been researched,0,0,41.0,225788839,POINT (-122.2371867 47.58229970000008),PUGET SOUND ENERGY INC||CITY OF TACOMA - (WA),53033024500.0
44513,WBY1Z8C57H,King,Seattle,WA,98103.0,2017,BMW,I3,Plug-in Hybrid Electric Vehicle (PHEV),Clean Alternative Fuel Vehicle Eligible,97,0,43.0,238921315,POINT (-122.34300999999999 47.659185000000036),CITY OF SEATTLE - (WA)|CITY OF TACOMA - (WA),53033005401.0
112170,5YJSA1E60M,Pierce,Gig Harbor,WA,98332.0,2021,TESLA,MODEL S,Battery Electric Vehicle (BEV),Eligibility unknown as battery range has not been researched,0,0,26.0,167240958,POINT (-122.589645 47.342345),BONNEVILLE POWER ADMINISTRATION||CITY OF TACOMA - (WA)||PENINSULA LIGHT COMPANY,53053072506.0
64594,1G1RB6E42C,Pierce,Graham,WA,98338.0,2012,CHEVROLET,VOLT,Plug-in Hybrid Electric Vehicle (PHEV),Clean Alternative Fuel Vehicle Eligible,35,0,2.0,115859978,POINT (-122.2953401 47.0763961),BONNEVILLE POWER ADMINISTRATION||CITY OF TACOMA - (WA)||PENINSULA LIGHT COMPANY,53053073129.0
120412,1N4BZ1CV6N,Pierce,Tacoma,WA,98406.0,2022,NISSAN,LEAF,Battery Electric Vehicle (BEV),Eligibility unknown as battery range has not been researched,0,0,27.0,198863654,POINT (-122.490985 47.26365),BONNEVILLE POWER ADMINISTRATION||CITY OF TACOMA - (WA)||PENINSULA LIGHT COMPANY,53053060500.0
24785,5YJ3E1EB0N,King,Bellevue,WA,98006.0,2022,TESLA,MODEL 3,Battery Electric Vehicle (BEV),Eligibility unknown as battery range has not been researched,0,0,41.0,185648004,POINT (-122.16936999999996 47.571015000000045),PUGET SOUND ENERGY INC||CITY OF TACOMA - (WA),53033024902.0
53272,5YJ3E1EB4K,Yakima,Yakima,WA,98908.0,2019,TESLA,MODEL 3,Battery Electric Vehicle (BEV),Clean Alternative Fuel Vehicle Eligible,220,0,14.0,339439474,POINT (-120.60272019999996 46.59656250000006),PACIFICORP,53077000401.0
59779,1C4JJXR64M,Snohomish,Marysville,WA,98270.0,2021,JEEP,WRANGLER,Plug-in Hybrid Electric Vehicle (PHEV),Not eligible due to low battery range,21,0,44.0,177666611,POINT (-122.17673 48.05542),PUGET SOUND ENERGY INC,53061052711.0
15346,7SAYGDEF7N,King,Kirkland,WA,98034.0,2022,TESLA,MODEL Y,Battery Electric Vehicle (BEV),Eligibility unknown as battery range has not been researched,0,0,1.0,197081013,POINT (-122.209285 47.71124),PUGET SOUND ENERGY INC||CITY OF TACOMA - (WA),53033022203.0
86588,5YJ3E1EB6M,King,Bothell,WA,98011.0,2021,TESLA,MODEL 3,Battery Electric Vehicle (BEV),Eligibility unknown as battery range has not been researched,0,0,1.0,179092812,POINT (-122.20577999999995 47.76240500000006),PUGET SOUND ENERGY INC||CITY OF TACOMA - (WA),53033021803.0
134935,5YJ3E1EB7L,Thurston,Lacey,WA,98516.0,2020,TESLA,MODEL 3,Battery Electric Vehicle (BEV),Clean Alternative Fuel Vehicle Eligible,322,0,22.0,127133681,POINT (-122.7510253 47.08149),PUGET SOUND ENERGY INC,53067012226.0
78827,JN1AZ0CPXC,Kitsap,Bainbridge Island,WA,98110.0,2012,NISSAN,LEAF,Battery Electric Vehicle (BEV),Clean Alternative Fuel Vehicle Eligible,73,0,23.0,276046074,POINT (-122.52357809999995 47.629332300000044),PUGET SOUND ENERGY INC,53035090800.0
103126,5YJ3E1EB0N,King,Seattle,WA,98146.0,2022,TESLA,MODEL 3,Battery Electric Vehicle (BEV),Eligibility unknown as battery range has not been researched,0,0,34.0,205045697,POINT (-122.355145 47.50565500000005),CITY OF SEATTLE - (WA)|CITY OF TACOMA - (WA),53033026801.0
63346,5YJ3E1EA6L,Pierce,Bonney Lake,WA,98391.0,2020,TESLA,MODEL 3,Battery Electric Vehicle (BEV),Clean Alternative Fuel Vehicle Eligible,266,0,31.0,1879090,POINT (-122.183805 47.18062),PUGET SOUND ENERGY INC||CITY OF TACOMA - (WA),53053070311.0
105282,WMZYU7C52K,King,Fall City,WA,98024.0,2019,MINI,COUNTRYMAN,Plug-in Hybrid Electric Vehicle (PHEV),Not eligible due to low battery range,12,36900,5.0,230170965,POINT (-121.89361839999998 47.56408320000003),PUGET SOUND ENERGY INC||CITY OF TACOMA - (WA),53033032221.0
17285,7SAYGDEEXN,King,Kirkland,WA,98034.0,2022,TESLA,MODEL Y,Battery Electric Vehicle (BEV),Eligibility unknown as battery range has not been researched,0,0,45.0,220786457,POINT (-122.209285 47.71124),PUGET SOUND ENERGY INC||CITY OF TACOMA - (WA),53033022005.0
52232,5YJYGDED6M,Thurston,Olympia,WA,98506.0,2021,TESLA,MODEL Y,Battery Electric Vehicle (BEV),Eligibility unknown as battery range has not been researched,0,0,22.0,150114513,POINT (-122.88747809999995 47.051957300000026),PUGET SOUND ENERGY INC,53067012100.0
46865,7SAYGDEE2P,King,Seattle,WA,98105.0,2023,TESLA,MODEL Y,Battery Electric Vehicle (BEV),Eligibility unknown as battery range has not been researched,0,0,46.0,228216936,POINT (-122.319115 47.66132),CITY OF SEATTLE - (WA)|CITY OF TACOMA - (WA),53033004201.0
47632,KM8KNDAF3P,King,Enumclaw,WA,98022.0,2023,HYUNDAI,IONIQ 5,Battery Electric Vehicle (BEV),Eligibility unknown as battery range has not been researched,0,0,31.0,227512855,POINT (-121.98953 47.20347),PUGET SOUND ENERGY INC||CITY OF TACOMA - (WA),53033031502.0
105018,5YJ3E1EB2N,Lewis,Chehalis,WA,98532.0,2022,TESLA,MODEL 3,Battery Electric Vehicle (BEV),Eligibility unknown as battery range has not been researched,0,0,19.0,209955490,POINT (-122.96691999999996 46.66113000000007),BONNEVILLE POWER ADMINISTRATION||CITY OF TACOMA - (WA)||PUD NO 1 OF LEWIS COUNTY,53041971502.0
62851,7SAYGDEF3N,Snohomish,Mukilteo,WA,98275.0,2022,TESLA,MODEL Y,Battery Electric Vehicle (BEV),Eligibility unknown as battery range has not been researched,0,0,21.0,205714015,POINT (-122.29956999999996 47.94187000000005),PUGET SOUND ENERGY INC,53061042001.0
27769,WB523CF02P,King,Seattle,WA,98101.0,2023,BMW,IX,Battery Electric Vehicle (BEV),Eligibility unknown as battery range has not been researched,0,0,43.0,236501779,POINT (-122.33534499999996 47.610790000000065),CITY OF SEATTLE - (WA)|CITY OF TACOMA - (WA),53033007302.0
134145,WBY1Z4C51F,Snohomish,Edmonds,WA,98020.0,2015,BMW,I3,Plug-in Hybrid Electric Vehicle (PHEV),Clean Alternative Fuel Vehicle Eligible,72,0,32.0,262318003,POINT (-122.37507 47.80807000000004),PUGET SOUND ENERGY INC,53061050502.0
31990,1N4AZ0CP4F,King,Seattle,WA,98117.0,2015,NISSAN,LEAF,Battery Electric Vehicle (BEV),Clean Alternative Fuel Vehicle Eligible,84,0,36.0,6918775,POINT (-122.37275999999997 47.689685000000054),CITY OF SEATTLE - (WA)|CITY OF TACOMA - (WA),53033001600.0
96648,7SAYGAEE2P,Snohomish,Mill Creek,WA,98012.0,2023,TESLA,MODEL Y,Battery Electric Vehicle (BEV),Eligibility unknown as battery range has not been researched,0,0,44.0,238818170,POINT (-122.1873 47.82024500000006),PUGET SOUND ENERGY INC,53061052008.0
14435,5YJYGDEE3M,Clark,Vancouver,WA,98685.0,2021,TESLA,MODEL Y,Battery Electric Vehicle (BEV),Eligibility unknown as battery range has not been researched,0,0,18.0,149114612,POINT (-122.70301999999998 45.70370600000007),BONNEVILLE POWER ADMINISTRATION||PUD NO 1 OF CLARK COUNTY - (WA),53011040907.0
6484,WBY33AW02P,Snohomish,Edmonds,WA,98020.0,2023,BMW,I4,Battery Electric Vehicle (BEV),Eligibility unknown as battery range has not been researched,0,0,21.0,227506121,POINT (-122.37507 47.80807000000004),PUGET SOUND ENERGY INC,53061050501.0
92825,5YJ3E1EA2P,Spokane,Spokane Valley,WA,99016.0,2023,TESLA,MODEL 3,Battery Electric Vehicle (BEV),Eligibility unknown as battery range has not been researched,0,0,4.0,232801593,POINT (-117.14069999999998 47.67367500000006),BONNEVILLE POWER ADMINISTRATION||AVISTA CORP||INLAND POWER & LIGHT COMPANY,53063013102.0
127917,5YJSA1S26F,King,Auburn,WA,98002.0,2015,TESLA,MODEL S,Battery Electric Vehicle (BEV),Clean Alternative Fuel Vehicle Eligible,208,0,47.0,475320786,POINT (-122.222855 47.305065),PUGET SOUND ENERGY INC||CITY OF TACOMA - (WA),53033030503.0
77852,7SAYGDEEXN,Snohomish,Mill Creek,WA,98012.0,2022,TESLA,MODEL Y,Battery Electric Vehicle (BEV),Eligibility unknown as battery range has not been researched,0,0,44.0,212133526,POINT (-122.1873 47.82024500000006),PUGET SOUND ENERGY INC,53061052004.0
75555,5YJ3E1EA0J,King,Bellevue,WA,98006.0,2018,TESLA,MODEL 3,Battery Electric Vehicle (BEV),Clean Alternative Fuel Vehicle Eligible,215,0,41.0,195868529,POINT (-122.16936999999996 47.571015000000045),PUGET SOUND ENERGY INC||CITY OF TACOMA - (WA),53033025008.0
34091,1C4JJXP69P,King,Tukwila,WA,98188.0,2023,JEEP,WRANGLER,Plug-in Hybrid Electric Vehicle (PHEV),Not eligible due to low battery range,21,0,11.0,238624480,POINT (-122.29179 47.43473),PUGET SOUND ENERGY INC||CITY OF TACOMA - (WA),53033028200.0
17528,YV4H60DK8P,King,Seattle,WA,98103.0,2023,VOLVO,XC60,Plug-in Hybrid Electric Vehicle (PHEV),Clean Alternative Fuel Vehicle Eligible,35,0,36.0,217179924,POINT (-122.34300999999999 47.659185000000036),CITY OF SEATTLE - (WA)|CITY OF TACOMA - (WA),53033002900.0
79400,1FADP3R49J,Whitman,Pullman,WA,99163.0,2018,FORD,FOCUS,Battery Electric Vehicle (BEV),Clean Alternative Fuel Vehicle Eligible,100,0,9.0,179159186,POINT (-117.17911999999995 46.73088500000006),AVISTA CORP,53075000601.0
39471,5UXTA6C07P,King,Redmond,WA,98052.0,2023,BMW,X5,Plug-in Hybrid Electric Vehicle (PHEV),Clean Alternative Fuel Vehicle Eligible,30,0,48.0,218385996,POINT (-122.12302 47.67668),PUGET SOUND ENERGY INC||CITY OF TACOMA - (WA),53033022902.0
125272,WVGJNPE28N,King,Redmond,WA,98052.0,2022,VOLKSWAGEN,ID.4,Battery Electric Vehicle (BEV),Eligibility unknown as battery range has not been researched,0,0,48.0,211812821,POINT (-122.12302 47.67668),PUGET SOUND ENERGY INC||CITY OF TACOMA - (WA),53033022605.0
86388,5YJSA1E23H,King,Woodinville,WA,98072.0,2017,TESLA,MODEL S,Battery Electric Vehicle (BEV),Clean Alternative Fuel Vehicle Eligible,210,0,45.0,288524393,POINT (-122.15166499999998 47.75855000000007),PUGET SOUND ENERGY INC||CITY OF TACOMA - (WA),53033032307.0
56487,3FA6P0PU0D,Thurston,Olympia,WA,98516.0,2013,FORD,FUSION,Plug-in Hybrid Electric Vehicle (PHEV),Not eligible due to low battery range,19,0,22.0,142346347,POINT (-122.7510253 47.08149),PUGET SOUND ENERGY INC,53067012221.0
84772,7SAYGAEE8P,Chelan,Wenatchee,WA,98801.0,2023,TESLA,MODEL Y,Battery Electric Vehicle (BEV),Eligibility unknown as battery range has not been researched,0,0,12.0,244210956,POINT (-120.32009 47.42255000000006),PUD NO 1 OF CHELAN COUNTY,53007960801.0
121466,5YJ3E1EB6N,Snohomish,Bothell,WA,98012.0,2022,TESLA,MODEL 3,Battery Electric Vehicle (BEV),Eligibility unknown as battery range has not been researched,0,0,1.0,186001987,POINT (-122.1873 47.82024500000006),PUGET SOUND ENERGY INC,53061051935.0
52704,5YJYGDEE0L,King,Sammamish,WA,98075.0,2020,TESLA,MODEL Y,Battery Electric Vehicle (BEV),Clean Alternative Fuel Vehicle Eligible,291,0,41.0,127513011,POINT (-122.03308999999996 47.58153000000004),PUGET SOUND ENERGY INC||CITY OF TACOMA - (WA),53033032218.0
15260,5YJSA1E50N,King,Seattle,WA,98177.0,2022,TESLA,MODEL S,Battery Electric Vehicle (BEV),Eligibility unknown as battery range has not been researched,0,0,32.0,195089415,POINT (-122.38242499999996 47.77279000000004),CITY OF SEATTLE - (WA)|CITY OF TACOMA - (WA),53033000500.0
99006,7SAYGDEE7N,Pierce,Tacoma,WA,98422.0,2022,TESLA,MODEL Y,Battery Electric Vehicle (BEV),Eligibility unknown as battery range has not been researched,0,0,27.0,203406269,POINT (-122.38578 47.28971),BONNEVILLE POWER ADMINISTRATION||CITY OF TACOMA - (WA)||PENINSULA LIGHT COMPANY,53053940008.0
123795,5YJSA1E64M,King,Seatac,WA,98198.0,2021,TESLA,MODEL S,Battery Electric Vehicle (BEV),Eligibility unknown as battery range has not been researched,0,0,33.0,192829269,POINT (-122.3219166 47.4013897),PUGET SOUND ENERGY INC||CITY OF TACOMA - (WA),53033028300.0
3825,5YJ3E1EB2M,King,Kirkland,WA,98033.0,2021,TESLA,MODEL 3,Battery Electric Vehicle (BEV),Eligibility unknown as battery range has not been researched,0,0,48.0,137325016,POINT (-122.20263999999997 47.67850000000004),PUGET SOUND ENERGY INC||CITY OF TACOMA - (WA),53033022701.0
73443,1G1FY6S06P,King,Seattle,WA,98115.0,2023,CHEVROLET,BOLT EUV,Battery Electric Vehicle (BEV),Eligibility unknown as battery range has not been researched,0,0,46.0,240826953,POINT (-122.31849999999997 47.679490000000044),CITY OF SEATTLE - (WA)|CITY OF TACOMA - (WA),53033002600.0
107371,7FCEHDB75N,Pierce,Sumner,WA,98390.0,2022,RIVIAN,EDV,Battery Electric Vehicle (BEV),Eligibility unknown as battery range has not been researched,0,0,31.0,221536276,POINT (-122.23825 47.201625),PUGET SOUND ENERGY INC||CITY OF TACOMA - (WA),53053073301.0
114481,5YJ3E1EBXJ,Skagit,Anacortes,WA,98221.0,2018,TESLA,MODEL 3,Battery Electric Vehicle (BEV),Clean Alternative Fuel Vehicle Eligible,215,0,40.0,298540728,POINT (-122.61530499999998 48.50127500000008),PUGET SOUND ENERGY INC,53057940401.0
2990,JTDKARFPXL,King,Seattle,WA,98119.0,2020,TOYOTA,PRIUS PRIME,Plug-in Hybrid Electric Vehicle (PHEV),Not eligible due to low battery range,25,0,36.0,240533289,POINT (-122.363815 47.63046),CITY OF SEATTLE - (WA)|CITY OF TACOMA - (WA),53033006900.0
113935,7SAYGDEF7P,King,Redmond,WA,98053.0,2023,TESLA,MODEL Y,Battery Electric Vehicle (BEV),Eligibility unknown as battery range has not been researched,0,0,5.0,220555191,POINT (-122.02219999999994 47.69557000000003),PUGET SOUND ENERGY INC||CITY OF TACOMA - (WA),53033032315.0
137214,JTMAB3FV8M,Benton,Richland,WA,99354.0,2021,TOYOTA,RAV4 PRIME,Plug-in Hybrid Electric Vehicle (PHEV),Clean Alternative Fuel Vehicle Eligible,42,0,8.0,186838340,POINT (-119.28752999999995 46.29747000000003),BONNEVILLE POWER ADMINISTRATION||CITY OF RICHLAND - (WA),53005010201.0
64454,WA1E2AFY2P,King,Mercer Island,WA,98040.0,2023,AUDI,Q5 E,Plug-in Hybrid Electric Vehicle (PHEV),Not eligible due to low battery range,23,0,41.0,220559447,POINT (-122.2371867 47.58229970000008),PUGET SOUND ENERGY INC||CITY OF TACOMA - (WA),53033024601.0
88893,5YJ3E1EB3J,King,Woodinville,WA,98072.0,2018,TESLA,MODEL 3,Battery Electric Vehicle (BEV),Clean Alternative Fuel Vehicle Eligible,215,0,45.0,304891324,POINT (-122.15166499999998 47.75855000000007),PUGET SOUND ENERGY INC||CITY OF TACOMA - (WA),53033032319.0
29946,5YJYGDEEXL,King,Issaquah,WA,98029.0,2020,TESLA,MODEL Y,Battery Electric Vehicle (BEV),Clean Alternative Fuel Vehicle Eligible,291,0,5.0,108129276,POINT (-121.99959499999994 47.54763500000007),PUGET SOUND ENERGY INC||CITY OF TACOMA - (WA),53033032220.0
87156,5YJ3E1EB0J,King,Seattle,WA,98118.0,2018,TESLA,MODEL 3,Battery Electric Vehicle (BEV),Clean Alternative Fuel Vehicle Eligible,215,0,37.0,476152442,POINT (-122.28339 47.549285),PUGET SOUND ENERGY INC||CITY OF TACOMA - (WA),53033011102.0
78988,1G1RF6E44D,Snohomish,Lynnwood,WA,98087.0,2013,CHEVROLET,VOLT,Plug-in Hybrid Electric Vehicle (PHEV),Clean Alternative Fuel Vehicle Eligible,38,0,21.0,178650685,POINT (-122.2559465 47.86567880000007),PUGET SOUND ENERGY INC,53061051803.0
65982,5YJSA1E16H,Clark,Battle Ground,WA,98604.0,2017,TESLA,MODEL S,Battery Electric Vehicle (BEV),Clean Alternative Fuel Vehicle Eligible,210,0,17.0,119713408,POINT (-122.53217999999998 45.779450000000054),BONNEVILLE POWER ADMINISTRATION||PUD NO 1 OF CLARK COUNTY - (WA),53011040408.0
135849,1C4JJXR68N,King,Kenmore,WA,98028.0,2022,JEEP,WRANGLER,Plug-in Hybrid Electric Vehicle (PHEV),Not eligible due to low battery range,22,0,46.0,218943504,POINT (-122.25047469999998 47.761712800000055),PUGET SOUND ENERGY INC||CITY OF TACOMA - (WA),53033021701.0
74265,KNDCC3LG1N,King,Seattle,WA,98112.0,2022,KIA,NIRO,Battery Electric Vehicle (BEV),Eligibility unknown as battery range has not been researched,0,0,43.0,205605634,POINT (-122.30763999999999 47.625230000000045),CITY OF SEATTLE - (WA)|CITY OF TACOMA - (WA),53033006500.0
20538,5YJ3E1EA8J,Snohomish,Lake Stevens,WA,98258.0,2018,TESLA,MODEL 3,Battery Electric Vehicle (BEV),Clean Alternative Fuel Vehicle Eligible,215,0,44.0,336489478,POINT (-122.11206499999997 48.00434500000006),PUGET SOUND ENERGY INC,53061052504.0
12876,KNDRJDLH5N,King,Renton,WA,98056.0,2022,KIA,SORENTO,Plug-in Hybrid Electric Vehicle (PHEV),Clean Alternative Fuel Vehicle Eligible,32,0,41.0,211148423,POINT (-122.18050499999998 47.50005500000003),PUGET SOUND ENERGY INC||CITY OF TACOMA - (WA),53033025304.0
131042,5YJ3E1EB2M,Snohomish,Lynnwood,WA,98037.0,2021,TESLA,MODEL 3,Battery Electric Vehicle (BEV),Eligibility unknown as battery range has not been researched,0,0,32.0,151320298,POINT (-122.29726499999998 47.84182000000004),PUGET SOUND ENERGY INC,53061051602.0
41076,5YJ3E1EB8L,King,Sammamish,WA,98074.0,2020,TESLA,MODEL 3,Battery Electric Vehicle (BEV),Clean Alternative Fuel Vehicle Eligible,322,0,45.0,127146022,POINT (-122.03132659999994 47.62857820000005),PUGET SOUND ENERGY INC||CITY OF TACOMA - (WA),53033032316.0
53506,5YJ3E1EB2N,King,Seattle,WA,98112.0,2022,TESLA,MODEL 3,Battery Electric Vehicle (BEV),Eligibility unknown as battery range has not been researched,0,0,43.0,192447951,POINT (-122.30763999999999 47.625230000000045),CITY OF SEATTLE - (WA)|CITY OF TACOMA - (WA),53033006300.0
2459,3FMTK4SE7M,King,Kirkland,WA,98033.0,2021,FORD,MUSTANG MACH-E,Battery Electric Vehicle (BEV),Eligibility unknown as battery range has not been researched,0,0,48.0,187475382,POINT (-122.20263999999997 47.67850000000004),PUGET SOUND ENERGY INC||CITY OF TACOMA - (WA),53033022702.0
108904,5YJ3E1EB3K,Spokane,Spokane,WA,99224.0,2019,TESLA,MODEL 3,Battery Electric Vehicle (BEV),Clean Alternative Fuel Vehicle Eligible,220,0,6.0,195607457,POINT (-117.46022499999998 47.64927000000006),BONNEVILLE POWER ADMINISTRATION||AVISTA CORP||INLAND POWER & LIGHT COMPANY,53063013503.0
8299,5YJSA1E22K,Clark,Vancouver,WA,98683.0,2019,TESLA,MODEL S,Battery Electric Vehicle (BEV),Clean Alternative Fuel Vehicle Eligible,270,0,17.0,1760293,POINT (-122.48538729999996 45.60833470000006),BONNEVILLE POWER ADMINISTRATION||PUD NO 1 OF CLARK COUNTY - (WA),53011041309.0
3216,3MW39FS09P,King,Seattle,WA,98102.0,2023,BMW,330E,Plug-in Hybrid Electric Vehicle (PHEV),Not eligible due to low battery range,20,0,43.0,234893662,POINT (-122.32234499999998 47.639830000000075),CITY OF SEATTLE - (WA)|CITY OF TACOMA - (WA),53033007405.0
121554,1N4AZ0CP1E,Kitsap,Bainbridge Island,WA,98110.0,2014,NISSAN,LEAF,Battery Electric Vehicle (BEV),Clean Alternative Fuel Vehicle Eligible,84,0,23.0,105516029,POINT (-122.52357809999995 47.629332300000044),PUGET SOUND ENERGY INC,53035091002.0
3051,KNDRMDLH1P,Kitsap,Silverdale,WA,98383.0,2023,KIA,SORENTO,Plug-in Hybrid Electric Vehicle (PHEV),Clean Alternative Fuel Vehicle Eligible,32,0,23.0,236166500,POINT (-122.66807599999999 47.66597800000005),PUGET SOUND ENERGY INC,53035090400.0
107346,5YJ3E1EA2M,King,Renton,WA,98055.0,2021,TESLA,MODEL 3,Battery Electric Vehicle (BEV),Eligibility unknown as battery range has not been researched,0,0,37.0,219363763,POINT (-122.197 47.43876),PUGET SOUND ENERGY INC||CITY OF TACOMA - (WA),53033025303.0
65477,1N4BZ1DV0N,Kitsap,Bainbridge Island,WA,98110.0,2022,NISSAN,LEAF,Battery Electric Vehicle (BEV),Eligibility unknown as battery range has not been researched,0,0,23.0,185820141,POINT (-122.52357809999995 47.629332300000044),PUGET SOUND ENERGY INC,53035090800.0
90991,1G1RB6S54H,San Juan,Friday Harbor,WA,98250.0,2017,CHEVROLET,VOLT,Plug-in Hybrid Electric Vehicle (PHEV),Clean Alternative Fuel Vehicle Eligible,53,0,40.0,121154274,POINT (-123.02225499999997 48.531355000000076),BONNEVILLE POWER ADMINISTRATION||ORCAS POWER & LIGHT COOP,53055960400.0
44305,1G1FY6S05N,King,Seattle,WA,98103.0,2022,CHEVROLET,BOLT EV,Battery Electric Vehicle (BEV),Eligibility unknown as battery range has not been researched,0,0,43.0,220758569,POINT (-122.34300999999999 47.659185000000036),CITY OF SEATTLE - (WA)|CITY OF TACOMA - (WA),53033004800.0
118871,7SAYGAEE0N,Island,Langley,WA,98260.0,2022,TESLA,MODEL Y,Battery Electric Vehicle (BEV),Eligibility unknown as battery range has not been researched,0,0,10.0,214801086,POINT (-122.40801499999998 48.035570000000064),PUGET SOUND ENERGY INC,53029971900.0
92340,WP0BC2Y14M,Snohomish,Snohomish,WA,98290.0,2021,PORSCHE,TAYCAN,Battery Electric Vehicle (BEV),Eligibility unknown as battery range has not been researched,0,0,39.0,171043260,POINT (-122.09150499999998 47.91555500000004),PUGET SOUND ENERGY INC,53061052105.0
10263,JTDKARFPXJ,Snohomish,Snohomish,WA,98296.0,2018,TOYOTA,PRIUS PRIME,Plug-in Hybrid Electric Vehicle (PHEV),Not eligible due to low battery range,25,0,44.0,180843505,POINT (-122.15133999999995 47.88511580000005),PUGET SOUND ENERGY INC,53061041610.0
52426,1G1FZ6S02K,King,Seattle,WA,98119.0,2019,CHEVROLET,BOLT EV,Battery Electric Vehicle (BEV),Clean Alternative Fuel Vehicle Eligible,238,0,36.0,121509237,POINT (-122.363815 47.63046),CITY OF SEATTLE - (WA)|CITY OF TACOMA - (WA),53033005901.0
1076,5UXTS1C00M,King,Bellevue,WA,98004.0,2021,BMW,X3,Plug-in Hybrid Electric Vehicle (PHEV),Not eligible due to low battery range,17,0,41.0,167355982,POINT (-122.201905 47.61385),PUGET SOUND ENERGY INC||CITY OF TACOMA - (WA),53033023902.0
119019,5YJYGDEE5M,Island,Camano Island,WA,98282.0,2021,TESLA,MODEL Y,Battery Electric Vehicle (BEV),Eligibility unknown as battery range has not been researched,0,0,10.0,179643551,POINT (-122.53109009999997 48.21927970000007),BONNEVILLE POWER ADMINISTRATION||PUD 1 OF SNOHOMISH COUNTY,53029971700.0
51250,5YJYGDEE0M,King,Bellevue,WA,98006.0,2021,TESLA,MODEL Y,Battery Electric Vehicle (BEV),Eligibility unknown as battery range has not been researched,0,0,41.0,138972508,POINT (-122.16936999999996 47.571015000000045),PUGET SOUND ENERGY INC||CITY OF TACOMA - (WA),53033024902.0
69387,5YJ3E1EA7L,King,Medina,WA,98039.0,2020,TESLA,MODEL 3,Battery Electric Vehicle (BEV),Clean Alternative Fuel Vehicle Eligible,266,0,48.0,103160228,POINT (-122.22802499999995 47.615980000000036),PUGET SOUND ENERGY INC||CITY OF TACOMA - (WA),53033024200.0
87023,5YJ3E1EA8L,King,Seattle,WA,98103.0,2020,TESLA,MODEL 3,Battery Electric Vehicle (BEV),Clean Alternative Fuel Vehicle Eligible,266,0,43.0,219192774,POINT (-122.34300999999999 47.659185000000036),CITY OF SEATTLE - (WA)|CITY OF TACOMA - (WA),53033005401.0
35315,JHMZC5F33K,Clark,Washougal,WA,98671.0,2019,HONDA,CLARITY,Plug-in Hybrid Electric Vehicle (PHEV),Clean Alternative Fuel Vehicle Eligible,47,0,18.0,199329315,POINT (-122.35382849999996 45.58386340000004),BONNEVILLE POWER ADMINISTRATION||PACIFICORP||PUD NO 1 OF CLARK COUNTY - (WA),53011040510.0
42023,5YJ3E1EA3N,King,Seatac,WA,98148.0,2022,TESLA,MODEL 3,Battery Electric Vehicle (BEV),Eligibility unknown as battery range has not been researched,0,0,33.0,209814286,POINT (-122.32863 47.46233),PUGET SOUND ENERGY INC||CITY OF TACOMA - (WA),53033028500.0
97912,1G1RA6E49D,Snohomish,Everett,WA,98201.0,2013,CHEVROLET,VOLT,Plug-in Hybrid Electric Vehicle (PHEV),Clean Alternative Fuel Vehicle Eligible,38,0,38.0,301845351,POINT (-122.20722 47.979935),PUGET SOUND ENERGY INC,53061041500.0
37563,7SAXCBE50N,King,Bellevue,WA,98008.0,2022,TESLA,MODEL X,Battery Electric Vehicle (BEV),Eligibility unknown as battery range has not been researched,0,0,48.0,187175075,POINT (-122.11832 47.6245),PUGET SOUND ENERGY INC||CITY OF TACOMA - (WA),53033023100.0
124055,1G1FX6S0XN,King,Redmond,WA,98053.0,2022,CHEVROLET,BOLT EV,Battery Electric Vehicle (BEV),Eligibility unknown as battery range has not been researched,0,0,45.0,209684849,POINT (-122.02219999999994 47.69557000000003),PUGET SOUND ENERGY INC||CITY OF TACOMA - (WA),53033032315.0
104844,5YJ3E1EB6J,King,Duvall,WA,98019.0,2018,TESLA,MODEL 3,Battery Electric Vehicle (BEV),Clean Alternative Fuel Vehicle Eligible,215,0,45.0,326368409,POINT (-121.98107469999997 47.73779620000005),PUGET SOUND ENERGY INC||CITY OF TACOMA - (WA),53033032401.0
79998,1G1FZ6S08K,Skagit,Sedro Woolley,WA,98284.0,2019,CHEVROLET,BOLT EV,Battery Electric Vehicle (BEV),Clean Alternative Fuel Vehicle Eligible,238,0,39.0,156566616,POINT (-122.23399999999998 48.506125000000054),PUGET SOUND ENERGY INC,53057951501.0
124557,7SAYGDEF6N,Snohomish,Lynnwood,WA,98037.0,2022,TESLA,MODEL Y,Battery Electric Vehicle (BEV),Eligibility unknown as battery range has not been researched,0,0,32.0,185746326,POINT (-122.29726499999998 47.84182000000004),PUGET SOUND ENERGY INC,53061051601.0
46393,1G1RD6E44E,Clark,Camas,WA,98607.0,2014,CHEVROLET,VOLT,Plug-in Hybrid Electric Vehicle (PHEV),Clean Alternative Fuel Vehicle Eligible,38,0,18.0,117848377,POINT (-122.40556499999997 45.59009000000003),BONNEVILLE POWER ADMINISTRATION||PUD NO 1 OF CLARK COUNTY - (WA),53011040604.0
